country,C1_rate,C2_rate,mismanagement_rate,I_C2,I_mismanagement,sorting_yield_rate,fraction_recycling_chemical,mechanical_yield_rate,chemical_yield_rate,trade_fraction
DZA,0.39693284616805613,0.29369735391810536,0.541733568534255,0.7020051300060004,0.33715411741286516,0.2915973619092256,0.26162008033134043,0.30504287173971534,0.41258599213324487,0.16878140694461763
EGY,0.34803669806569815,0.004737458191812038,0.38314124778844416,0.7949172358494252,0.8052097265608609,0.5677953285630792,0.44518634816631675,0.23890484147705138,0.6301822061650455,0.491400558501482
LBY,0.7491371892392635,0.19984151236712933,0.5720465786289424,0.4554272289387882,0.9385213672649115,0.36766575602814555,0.2842705938965082,0.5937069652136415,0.9497206669766456,0.2852445354219526
MAR,0.17751428089104593,0.8256717333570123,0.32249670871533453,0.5634523232001811,2.7131265960633755e-4,0.07436161278747022,0.17735241074115038,0.4978627315722406,0.2621454056352377,0.2024296533782035
SDN,0.942651197547093,0.3660099918488413,0.11356252431869507,0.17683497141115367,0.18762930622324347,0.9781127604655921,0.8321459090802819,0.09125071670860052,0.06208122777752578,0.5677201482467353
TUN,0.20105316443368793,0.11294515524059534,0.16801007348112762,0.19236184447072446,0.3846660752315074,0.016397801227867603,0.961362098576501,0.4020450690295547,0.4099676872137934,0.4456525968853384
ESH,0.8874154391232878,0.9474972705356777,0.05331340292468667,0.45137396501377225,0.9392506084404886,0.18958905898034573,0.10164065985009074,0.5141212367452681,0.987859481247142,0.16723819635808468
IOT,0.04494050773791969,0.4960817249957472,0.14480350422672927,0.5182338505983353,0.6063382518477738,0.5988714322447777,0.49869326362386346,0.20836214162409306,0.6415815453510731,0.3819424123503268
BDI,0.8550365553237498,0.7318112428765744,0.8842475395649672,0.20241494942456484,0.9178697338793427,0.07509549171663821,0.9878030854742974,0.9023581286892295,0.1374551854096353,0.21082498761825264
COM,0.6015142016112804,0.2661881011445075,0.20755484071560204,0.06868335930630565,0.13090440235100687,9.739438537508249e-4,0.886616522911936,0.04568002559244633,0.8824860933236778,0.6222034755628556
DJI,0.20660905819386244,0.14263002877123654,0.2046307867858559,0.33802879112772644,0.18093548878096044,0.16940740635618567,0.021366347558796406,0.5776659457478672,0.9053272698074579,0.20753318909555674
ERI,0.09221097803674638,0.6807590427342802,0.4767550944816321,0.5494081554934382,0.49747329321689904,0.486769394017756,0.6914190617389977,0.8546915482729673,4.521063528954983e-4,0.7919119698926806
ETH,0.8556777671910822,0.30509772594086826,0.7956828430760652,0.9156637622509152,0.4850598848424852,0.7701774085871875,0.38091317960061133,0.8238733515609056,0.3720572702586651,0.5122998226433992
ATF,0.2826033099554479,0.4042335010599345,0.5222730292007327,0.40976593852974474,0.44516594405286014,0.27550640190020204,0.8343283978756517,0.07901435811072588,0.5496744108386338,0.5707930678036064
KEN,0.46998832025565207,0.24968212214298546,0.6032968894578516,0.24162808805704117,0.11657145386561751,0.46459877979941666,0.2339636986143887,0.01595876133069396,0.8910653518978506,0.6721390350721776
MDG,0.9935292049776763,0.6696004499681294,0.7680141748860478,0.20231624483130872,0.8899931176565588,0.4885395758319646,0.26178499567322433,0.5986189970280975,0.7454782295972109,0.6068241700995713
MWI,0.18027169187553227,0.6345832666847855,0.6931301306467503,0.07157451962120831,0.23352870671078563,0.3333301704842597,0.5985992362257093,0.5547904255799949,0.11877366690896451,0.5832525775767863
MUS,0.27947960840538144,0.09733490273356438,0.57777398545295,0.3926020551007241,0.5997781630139798,0.9304534229449928,0.38354086014442146,3.3907825127243996e-5,0.6558552517089993,0.1997859445400536
MYT,0.19445691909641027,0.995069443481043,0.13990367343649268,0.8923656281549484,0.7178332975599915,0.6769885052926838,0.6520299937110394,0.5588922512251884,0.07331486791372299,0.4835956203751266
MOZ,0.4348174105398357,0.21229416271671653,0.3815945009700954,0.7894666469655931,0.017872736556455493,0.08430050034075975,0.7243588357232511,0.5566382154356688,0.9015282636974007,0.8791171633638442
REU,0.32822368922643363,0.8566910265944898,0.07666025985963643,0.7096580115612596,0.47176590468734503,0.2999563484918326,0.9478325191885233,0.4672206840477884,0.19172563659958541,0.3791026866529137
RWA,0.1730393418110907,0.302980461390689,0.6091697711963207,0.04123606835491955,0.09396305354312062,0.6409192353021353,0.004965986358001828,0.8986094624269754,0.41510075936093926,0.8928466234356165
SYC,0.25929909385740757,0.004720914643257856,0.39032426360063255,0.42951508215628564,0.14629590138792992,0.559824894182384,0.5922409759368747,0.5113766205031425,0.6701262146234512,0.6126833795569837
SOM,0.3670245201792568,0.2856872119009495,0.28998731495812535,0.050755077973008156,0.40074973250739276,0.13633326557464898,0.03271649801172316,0.426407209597528,0.22960502421483397,0.7860868233256042
SSD,0.38674724474549294,0.7406803427729756,0.3117789344396442,0.705591841833666,0.13957719434984028,0.3413301268592477,0.7464065831154585,0.8537305428180844,0.5469011650420725,0.23681101948022842
UGA,0.3176200413145125,0.5937339328229427,0.38670756202191114,0.2053192090243101,0.659925770945847,0.8761300891637802,0.6785757318139076,0.3344327334780246,0.6950514365453273,0.2488170478027314
TZA,0.7321540350094438,0.19248639000579715,0.6986237866804004,0.2682623811997473,0.48733887122944,0.7170348127838224,0.719637097325176,0.14630593149922788,0.5458575480151922,0.09084595646709204
ZMB,0.7985971667803824,0.8358914689160883,0.48549667187035084,0.4670414999127388,0.1661218509543687,0.08630962204188108,0.9274885677732527,0.12767558661289513,0.41125086904503405,0.22771696327254176
ZWE,0.11876963963732123,0.23996464116498828,0.13734717620536685,0.07795922528021038,0.3864212967455387,0.5421167460735887,0.5205934764817357,0.6979109779931605,0.027006156742572784,0.8487271857447922
AGO,0.42720242077484727,0.9742558763828129,0.9206342813558877,0.9637769244145602,0.8964262909721583,0.2123642349615693,0.7184672774747014,0.061136353528127074,0.3100680646020919,0.9447420586366206
CMR,0.3672099581453949,0.05477052531205118,0.9011547218542546,0.6211484055966139,0.7859548476990312,0.3351449705660343,0.633066434180364,0.7237757544498891,0.44215453532524407,0.1218376278411597
CAF,0.5374804607126862,0.5763398329727352,0.6335893131326884,0.656165535794571,0.12420511059463024,0.23218272114172578,0.6764442338608205,0.73106414754875,0.681053256848827,0.42845990718342364
TCD,0.9706228987779468,0.9646560300607234,0.4252941505983472,0.9868636599276215,0.6597049743868411,0.7572355635929853,0.0063412117306143045,0.28867294476367533,0.3974626518320292,0.9332672914024442
COG,0.24970489810220897,0.367673626402393,0.8741622508969158,0.16308332863263786,0.9369011856615543,0.61878417362459,0.8581236423924565,0.08012661687098444,0.08367605693638325,0.2978642787784338
COD,0.9591868568677455,0.009315762436017394,0.32082258933223784,0.6235414373222739,0.88911656383425,0.15286850347183645,0.551601754501462,0.7070488929748535,0.4951829898636788,0.799134127330035
GNQ,0.5463131058495492,0.8132606470026076,0.78834798582829535,0.3447711344342679,0.5713716140016913,0.04886278253979981,0.07657725177705288,0.3786999622825533,0.8954446513671428,0.3581826544832438
GAB,0.37707993970252573,0.10848079691641033,0.8293155368883163,0.22096316702663898,0.5491523039527237,0.6546797873452306,0.05353380390442908,0.8805024502798915,0.37562144128605723,0.9999678723979741
STP,0.44396732607856393,0.022364678094163537,0.7707952198106796,0.3286853414028883,0.949309685966,0.3086146099958569,0.8067250105086714,0.3675033454783261,0.760307316435501,0.507491766475141
BWA,0.23806600645184517,0.9271591561846435,0.3017005471047014,0.14856178499758244,0.748040349688381,0.8619459951296449,0.5501198174897581,0.1029775885399431,0.8303035499993712,0.19329889654181898
SWZ,0.1716991919092834,0.7417270075529814,0.7697837760206312,0.8549425564706326,0.31493414752185345,0.14722777577117085,0.27222714852541685,0.8880364326760173,0.8981168228201568,0.3820641473866999
LSO,0.6839884873479605,0.8611338327173144,0.5070142936892807,0.1579635425005108,0.310424386523664,0.22284409683197737,0.206507271155715,0.9618914329912513,0.32378561003133655,0.315359057392925
NAM,0.6074341209605336,0.29997558053582907,0.7232828699052334,0.04454564908519387,0.5727366209030151,0.5702004164922982,0.5617963441181928,0.5602488552685827,0.27721403702162206,0.0727757376153022
ZAF,0.7408112452831119,0.5793339679948986,0.7694336732383817,0.259418488945812,0.01589103229343891,0.9511415855959058,0.24182393471710384,0.24820319330319762,0.838062739232555,0.4157205573283136
BEN,0.5058169695548713,0.3905175069812685,0.768722039880231,0.24968394520692527,0.42737885541282594,0.2010471874382347,0.8802741249091923,0.43683663522824645,0.006636867532506585,0.8965924012009054
BFA,0.3785111582837999,0.5457813823595643,0.29860661877319217,0.07620975468307734,0.976247304584831,0.9934831680729985,0.8201351081952453,0.8274099617265165,0.7641424392350018,0.9641236239112914
CPV,0.15457265730947256,0.88060148130171,0.11720572249032557,0.10633844113908708,0.6936901272274554,0.4024371535051614,0.03538536420091987,0.8915288452990353,0.3278881055302918,0.12788688228465617
CIV,0.9996449109166861,0.1599309490993619,0.8598243873566389,0.7232826510444283,0.7000672738067806,0.8525835305918008,0.939750153105706,0.9096132437698543,0.21667561260983348,0.5257136046420783
GMB,0.08397649507969618,0.637579448055476,0.7887895579915494,0.9303056243807077,0.7091341980267316,0.053376451367512345,0.15847125183790922,0.8680260556284338,0.7487451846245676,0.4048758272547275
GHA,0.9426107904873788,0.908171416958794,0.5784812006168067,0.6866880625020713,0.16020178073085845,0.44951684959232807,0.4049122261349112,0.044685164699330926,0.209282036870718,0.33991396171040833
GIN,0.22730908985249698,0.7586245571728796,0.05538969812914729,0.45540840551257133,0.033307862700894475,0.7652964657172561,0.9814806282520294,0.8258294814731926,0.519569986499846,0.21073107956908643
GNB,0.07155485823750496,0.6096090814098716,0.5039390362799168,0.007998618530109525,0.59250373323448,0.4812504560686648,0.49447105918079615,0.07373159937560558,0.8416973080020398,0.5139994695782661
LBR,0.723988575162366,0.09379989979788661,0.1602464143652469,0.31889717234298587,0.646386883687228,0.4411264737136662,0.42772525921463966,0.44073028373531997,0.4205230812076479,0.9944534664973617
MLI,0.398288669064641,0.8116478861775249,0.028147374279797077,0.01735948957502842,0.03771133441478014,0.05396797717548907,0.5997445466928184,0.20242193527519703,0.06812923937104642,0.9756581871770322
MRT,0.15612067561596632,0.10539285093545914,0.6065075199585408,0.6592258349992335,0.3588266880251467,0.09790542186237872,0.6032975593116134,0.7993454243987799,0.5349783096462488,0.7667926209978759
NER,0.7556632098276168,0.9663205973338336,0.10087032825686038,0.801792127545923,0.10156312747858465,0.2499441879335791,0.6739253278356045,0.5159978533629328,0.9658328676596284,0.5696436571888626
NGA,0.2370364477392286,0.6445420230738819,0.5363311246037483,0.9444230804219842,0.32345466199330986,0.8842940994072706,0.08645106852054596,0.1730639284942299,0.9236308010295033,0.18080041510984302
SHN,0.27403705613687634,0.4503332052845508,0.9633179022930562,0.4634934584610164,0.1728351921774447,0.7741071511991322,0.5840086198877543,0.13550651026889682,0.11773503851145506,0.09385723248124123
SEN,0.025474418187513947,0.09424526570364833,0.6699661929160357,0.07391384150832891,0.8451094864867628,0.3525493019260466,0.06947461911477149,0.8889611950144172,0.07110128505155444,0.4731043146457523
SLE,0.35900720045901835,0.8196253210771829,0.05082658096216619,0.4886473435908556,0.9899304816499352,0.9731143994722515,0.8443838662933558,0.9822076593991369,0.684413687326014,0.06753438268788159
TGO,0.26635626540519297,0.07166770473122597,0.12332799891009927,0.9167545365635306,0.019805816002190113,0.9249485773034394,0.42073188559152186,0.3265063879080117,0.3429043800570071,0.9939141268841922
AIA,0.633644056506455,0.0804699023719877,0.3769979774951935,0.29612535797059536,0.0030051814392209053,0.0048998575657606125,0.4184856479987502,0.8738238827791065,0.1782101618591696,0.9766497437376529
ATG,0.28185758786275983,0.33300252351909876,0.2462795302271843,0.8305195127613842,0.8345552519895136,0.6741012511774898,0.012161027872934937,0.4524942298885435,0.7031534623820335,0.013906929874792695
ABW,0.97328722756356,0.6419306991156191,0.09728834894485772,0.6427958093117923,0.555906712077558,0.9689336547162384,0.6328669465146959,0.9011003319174051,0.2790367582347244,0.6483288269955665
BHS,0.940915547311306,0.3224175157956779,0.6281616087071598,0.7774001134093851,0.7907554975245148,0.23520046612247825,0.538974795723334,0.32334556919522583,0.027143122628331184,0.23011173494160175
BRB,0.6363192319404334,0.4108237437903881,0.3654853261541575,0.6981809954158962,0.4344272774178535,0.8230472176801413,0.9258613754063845,0.8051909140776843,0.0063174746464937925,0.7681411360390484
BQ,0.5082105116453022,0.149756912374869,0.9201597736682743,0.5472890583332628,0.31277681654319167,0.2325813020579517,0.3996135597117245,0.5249594503547996,0.14284734148532152,0.5092997443862259
VGB,0.7501206395681947,0.7646887588780373,0.4320711900945753,0.08198638935573399,0.7853767208289355,0.5467792807612568,0.26143339998088777,0.2707797570619732,0.5579928504303098,0.9445801938418299
CYM,0.5110106265638024,0.10848121717572212,0.4322094274684787,0.43563383258879185,0.5906232681591064,0.704109208425507,0.08854348608292639,0.43746097292751074,0.6582354803103954,0.7812335498165339
CUB,0.390464932192117,0.4153913708869368,0.9497614700812846,0.9381572019774467,0.08806313085369766,0.3732736299280077,0.6291855671443045,0.7457640636712313,0.07444566581398249,0.8786318590864539
CUW,0.6265666116960347,0.3452773748431355,0.870781192323193,0.7525370710063726,0.4165399298071861,0.20284987660124898,0.7132003628648818,0.44559545279480517,0.5592944379895926,0.5891304027754813
DMA,0.5820264439098537,0.6977896094322205,0.46632052469067276,0.7166669247671962,0.10584463994018734,0.3683340926654637,0.15646498557180166,0.8878107734490186,0.10862763342447579,0.8572275079786777
DOM,0.38015323085710406,0.11980105377733707,0.11042630905285478,0.5725666957441717,0.2090791678056121,0.0013517173938453197,0.07024078792892396,0.2573587035294622,0.4449099216144532,0.8948865893762559
GRD,0.9379267001058906,0.20475611346773803,0.86841619573533535,0.2941048238426447,0.4537927412893623,0.6676061195321381,0.6457498667296022,0.7271867413073778,0.4724278226494789,0.3329589667264372
GLP,0.23196184844709933,0.21041312580928206,0.9502389007247984,0.9498309153132141,0.01988425268791616,0.7066013775765896,0.14157897583208978,0.9891335100401193,0.041923377895727754,0.7881065073888749
HTI,0.3427090742625296,0.4056622479110956,0.35234781820327044,0.9533193516544998,0.03348512132652104,0.4280733051709831,0.13440954312682152,0.47701455443166196,0.5757499600294977,0.6122879760805517
JAM,0.5486370816361159,0.44456147542223334,0.7808219823054969,0.8210607259534299,0.5863118174020201,0.5621789598371834,0.5121260436717421,0.9158861017785966,0.6073006168007851,0.1423617305699736
MTQ,0.18068517046049237,0.4969722949899733,0.31355657428503036,0.13450647285208106,0.6966799055226147,0.6089425031095743,7.782087195664644e-4,0.5523777117487043,0.042225619312375784,0.5524753415957093
MSR,0.7122884467244148,0.6058374210260808,0.8564182305708528,0.49161236733198166,0.6318606466520578,0.08642755984328687,0.9552349045407027,0.3526051724329591,0.0848262736108154,0.9384479527361691
PRI,0.418412278406322,0.7138775198254734,0.09928322327323258,0.2422934714704752,0.7459805740509182,0.11593447648920119,0.9872574610635638,0.5575697238091379,0.7888440950773656,0.642056978540495
BLM,0.840045127319172,0.04128364892676473,0.2021359142381698,0.9882999646943063,0.5681352154351771,0.3826651081908494,0.24725563102401793,0.33418996864929795,0.9306832810398191,0.9316399567760527
KNA,0.6060756547376513,0.48794138082303107,0.6210698026698083,0.599453714909032,0.6651853714138269,0.6672075719106942,0.23992353142239153,0.3185590268112719,0.7503991306293756,0.6211021442431957
LCA,0.38548750756308436,0.728788651060313,0.7956318468786776,0.5619349530898035,0.7674889073241502,0.7602513558231294,0.4524672238621861,0.08003755263052881,0.3406593622639775,0.01903842599131167
MAF,0.9253039876930416,0.8593957936391234,0.5085958894342184,0.8065282034222037,0.5932040037587285,0.7994537802878767,0.7829658901318908,0.01923897350206971,0.43784804781898856,0.26420838688500226
VCT,0.8628854947164655,0.47145604831166565,0.5247080544941127,0.17293266323395073,0.8341722141485661,0.4689911517780274,0.5607321574352682,0.24690902209840715,0.904597366694361,0.8011401274707168
SXM,0.632196526741609,0.5408469466492534,0.48702282435260713,0.4704686738550663,0.16182685713283718,0.0823468726594001,0.6139008344616741,0.5310905745718628,0.0330468590836972,0.08349251095205545
TTO,0.23842518869787455,0.17298742895945907,0.3976738075725734,0.09245247021317482,0.9889412918128073,0.7820366935338825,0.8865762969944626,0.1130067422054708,0.18086410453543067,0.04692764091305435
TCA,0.16322394320741296,0.5910620752256364,0.2099411163944751,0.5091185371857136,0.49258262012153864,0.38459183066152036,0.5098693775944412,0.428578095510602,0.030866256216540933,0.649050091393292
VIR,0.9906270911451429,0.3376040640287101,0.1553964363411069,0.8711656287778169,0.5035941316746175,0.6277969381771982,0.6055588047020137,0.5734996797982603,0.6083340072073042,0.04695693915709853
BLZ,0.7704687670338899,0.021003900561481714,0.198067412013188,0.05021218699403107,0.47277884813956916,0.5200355232227594,0.16286175232380629,0.12683047680184245,0.8821810968220234,0.9312185728922486
CRI,7.6105329208076e-4,0.6047125803306699,0.9324195296503603,0.33687938773073256,0.7769047094043344,0.4035798979457468,0.27032712078653276,0.08764054696075618,0.3977842468302697,0.6882880448829383
SLV,0.9821899062953889,0.09654683875851333,0.2618055590428412,0.15907519520260394,0.4372948221862316,0.05220544105395675,0.22820665687322617,0.2953498319257051,0.8425827831961215,0.43614273983985186
GTM,0.9186068444978446,0.6853353651240468,0.6703901838045567,0.6175536061637104,0.6584647099953145,0.8641959538217634,0.10711128124967217,0.03744234191253781,0.4291333742439747,0.2829446711111814
HND,0.01965977856889367,0.4497177177108824,0.19848355441354215,0.7079600028228015,0.27739619999192655,0.36216860450804234,0.674869004637003,0.8867372756358236,0.7950266427360475,0.6784440102055669
MEX,0.31870731082744896,0.5434218642767519,0.7849167410749942,0.02190000470727682,0.17596666095778346,0.1622450645081699,0.743750560330227,0.47772678546607494,0.9048986756242812,0.23990438994951546
NIC,0.9255536831915379,0.7957503932993859,0.05236397893168032,0.8181840006727725,0.5351301424670964,0.6105210175737739,0.2968629354145378,0.21732680476270616,0.022416736464947462,0.3995767799206078
PAN,0.36963732237927616,0.8798009951133281,0.8910843003541231,0.12186863389797509,0.3860143884085119,0.4412126422394067,0.7473061825148761,0.3736009686253965,0.15459717391058803,0.9844218930229545
ARG,0.3958936932031065,0.7493962526787072,0.3415243662893772,0.07712076231837273,0.15954326023347676,0.3017629412934184,0.30624109599739313,0.4276655027642846,0.9986082850955427,0.9562364788725972
BOL,0.24131068005226552,0.7347130107227713,0.07838823809288442,0.4177109126467258,0.21103233844041824,0.12726828712038696,0.2117240282241255,0.9870522036217153,0.9906490198336542,0.5654177900869399
BVT,0.5215170083101839,0.5524885484483093,0.7270865214522928,0.19149197544902563,0.33889984153211117,0.15524763823486865,0.3531417096965015,0.8574585842434317,0.15783633710816503,0.04752007522620261
BRA,0.038717382587492466,0.7736914625857025,0.849383149528876,0.7855281254742295,0.6164808992762119,0.3330187837127596,0.23207017709501088,0.520404853625223,0.030641702469438314,0.11759918904863298
CHL,0.3641422705259174,0.5942367124371231,0.6032766620628536,0.10716565512120724,0.19774574297480285,0.904377791332081,0.2216174597851932,0.20035386038944125,0.3414170197211206,0.03623558394610882
COL,0.9518566590268165,0.6858986110892147,0.38957384205423295,0.7850048299878836,0.4135185203049332,0.46709661185741425,0.769843723392114,0.9621222824789584,0.16762172523885965,0.0072954578790813684
ECU,0.5290233918931335,0.9682671383488923,0.18278054310940206,0.803202117793262,0.7754735720809549,0.36322712572291493,0.006472228094935417,0.2590875495225191,0.5350140356458724,0.5513914122711867
FLK,0.5405552075244486,0.09843916120007634,0.2842817846685648,0.6026177546009421,0.15487774461507797,0.40556089556775987,0.7282324465923011,0.10782042657956481,0.9503457031678408,0.2529276553541422
GUF,0.22436494124121964,0.40459897881373763,0.2762175817042589,0.48946759779937565,0.44509025989100337,0.2232166756875813,0.24964576470665634,0.15047764824703336,0.2825217160861939,0.23222988052293658
GUY,0.5800009989179671,0.5717808278277516,0.6227769057732075,0.9114978103898466,0.7485171409789473,0.9107017633505166,0.4274491860996932,0.7236389198806137,0.581415249267593,0.07930373563431203
PRY,0.8280464778654277,0.45852360129356384,0.31837922520935535,0.4534710464067757,0.48442475451156497,0.39343949779868126,0.2409921435173601,0.25284720095805824,0.9087954380083829,0.7901533592958003
PER,0.07468432746827602,0.3546457488555461,0.9736083371099085,0.7236858683172613,0.15591012104414403,0.20578563446179032,0.09189530811272562,0.7724877041764557,0.7360362361650914,0.1468831906095147
SGS,0.5584646654315293,0.11867023352533579,0.9470705557614565,0.023690872825682163,0.633351345313713,0.566991644911468,0.6594413099810481,0.56393814063631,0.46718081063590944,0.6994236058089882
SUR,0.24170943815261126,0.38888570317067206,0.7393077707383782,0.6876510283909738,0.5565498494543135,0.710870128357783,0.6307258512824774,0.93080387217924,0.17751172557473183,0.6256219688802958
URY,0.8253842289559543,0.8210892109200358,0.08387882099486887,0.3562555997632444,0.6068833710160106,0.9112593696918339,0.8798250791151077,0.942900012480095,0.8416683648247272,0.8088168546091765
VEN,0.7209703938569874,0.07164449687115848,0.7550793190021068,0.8172933212481439,0.08486287831328809,0.41631761798635125,0.041526028886437416,0.9467261356767267,0.3395636286586523,0.729379024123773
BMU,0.27000250946730375,0.6457664431072772,0.44128179270774126,0.7230862211436033,0.706261902814731,0.5515306154266,0.7159972016233951,0.915109678870067,0.7900924826972187,0.5593099819961935
CAN,0.7517394404858351,0.9999472431372851,0.46868460229597986,0.17877767328172922,0.7903465230483562,0.4903824154753238,0.4267326376866549,0.4092742004431784,0.06443649646826088,0.3573380985762924
GRL,0.5402402048930526,0.16292916820384562,0.7639342544134706,0.9063428628724068,0.20525779761373997,0.3395425600465387,0.7245311781298369,0.43278173729777336,0.3068345207720995,0.08567150426097214
SPM,0.8483866611495614,0.15123356343246996,0.0844896575435996,0.31655604485422373,0.3967399823013693,0.6103897634893656,0.6479223468340933,0.03227531351149082,0.5240254749078304,0.18747518653981388
USA,0.23099453700706363,0.2063131439499557,0.8724711029790342,0.13271422847174108,0.8431180440820754,0.16656534234061837,0.3334040092304349,0.3074960296507925,0.1660043327137828,0.9116820890922099
ATA,0.672543281223625,0.005082914372906089,0.4693173805717379,0.8302892281208187,0.9519841603469104,0.42851770762354136,0.6609049835242331,0.3902517673559487,0.07436280325055122,0.36794027243740857
KAZ,0.9340953517239541,0.4898424278944731,0.2817541884724051,0.7960719445254654,0.7516469846013933,0.292891098652035,0.3395553648006171,0.3101202785037458,0.9414168763905764,0.8943824728485197
KGZ,0.9292761168908328,0.6147421600762755,0.8655423440504819,0.00925663928501308,0.39804295473732054,0.7070058537647128,0.2925380633678287,0.4726114191580564,0.0958977194968611,0.9591851641889662
TJK,0.841054207412526,0.823990240925923,0.20776974456384778,0.8971577268093824,0.5193062860053033,0.4994994723238051,0.3553820685483515,0.68633849080652,0.3420750950463116,0.210872147930786
TKM,0.5377431267406791,0.8910396294668317,0.977845604531467,0.35921790380962193,0.7003537670243531,0.674480312736705,0.3720472150016576,0.5152541503775865,0.32771274633705616,0.11238222941756248
UZB,0.7920001619495451,0.38185718678869307,0.1660411306656897,0.6237327412236482,0.7164055027533323,0.02985505829565227,0.44492944912053645,0.3545246596913785,0.4083423388656229,0.5035520300734788
CHN,0.6733741806820035,0.3885703512933105,0.1580877867527306,0.6778266974724829,1.675635576248169e-5,0.6179019322153181,0.9889082519803196,0.43890440580435097,0.5827145345974714,0.5540400422178209
HKG,0.4834912233054638,0.25877157272771,0.4070177376270294,0.20239243283867836,0.7292406463529915,0.8603436960838735,0.5299401243682951,0.2985461156349629,0.22680982830934227,0.2460513582918793
MO,0.9129053163342178,0.12235201732255518,0.6555921908002347,0.901443556882441,0.6636464421171695,0.88090979331173,0.4837303231470287,0.7557365642860532,0.8372761700302362,0.06839272100478411
PRK,0.4195956022012979,0.0371365521568805,0.6029740609228611,0.8305972865782678,0.06048302445560694,0.38960704975761473,0.8249517753720284,0.274073418462649,0.44717084313742816,0.6629881039261818
JPN,0.02494844375178218,0.8297879446763545,0.6447474469896406,0.7860306552611291,0.6003040715586394,0.03257916192524135,0.7215611387509853,0.1583779810462147,0.6440435231197625,0.632885969709605
MNG,0.7311599233653396,0.54319125902839,0.2817107862792909,0.6488075545057654,0.0252920794300735,0.8410258428193629,0.38107576966285706,0.3107246595900506,0.8700688048265874,0.3687564784195274
KOR,0.3035342423245311,0.5414042964112014,0.7349246884696186,0.8070959942415357,0.07779595605097711,0.7236522233579308,0.833197467494756,0.534399830037728,0.509588977554813,0.5129934088326991
BRN,0.35012004571035504,0.6922519318759441,0.5062911019194871,0.8063315390609205,0.8515089976135641,0.5023774050641805,0.5745382658205926,0.058700473280623555,0.051990875974297523,0.6234509146306664
KHM,0.7492996254004538,0.5471702525392175,0.052821909775957465,0.6341695745941252,0.8124096521642059,0.020114944083616138,0.9939017805736512,0.05716864578425884,0.904341840185225,0.963356961729005
IDN,0.8842830683570355,0.86436697258614,0.7369714216329157,0.7152252767700702,0.5548897741828114,0.45396774588152766,0.10380213451571763,0.6997591792605817,0.8077571163885295,0.7732433881610632
LAO,0.2649313830770552,0.9095891350880265,0.0574907383415848,0.5459731288719922,0.46346379653550684,0.5291789767798036,0.8696014625020325,0.4975069558713585,0.39561217883601785,0.04903278034180403
MYS,0.33597552473656833,0.28555669100023806,0.20498192636296153,0.3581208288669586,0.3230243516154587,0.5479333093389869,0.9986640138085932,0.047296015778556466,0.26851668022572994,0.08637305675074458
MMR,0.3797249775379896,0.4397135986946523,0.37598413322120905,0.9080804481636733,0.7664364140946418,0.05498189153149724,0.10251207230612636,0.285761944251135,0.41127789369784296,0.18400569492951035
PHL,0.6266497778706253,0.21168540115468204,0.7647519109304994,0.4646899027284235,0.5782275069504976,0.45098674879409373,0.8106924626044929,0.29300221404992044,0.47634067269973457,0.7214154275134206
SGP,0.11756355105899274,0.37431579758413136,0.9827835580799729,0.509618028299883,0.3098073969595134,0.8248670753091574,0.0967451948672533,0.8033502174075693,0.13985440833494067,0.05206680856645107
THA,0.7168244547210634,0.5852153566665947,0.7436693417839706,0.3733974867500365,0.045628179563209414,0.7540473085828125,0.2053106166422367,0.4795628360006958,0.9494329218287021,0.07121991249732673
TLS,0.48224281752482057,0.5232134803663939,0.31462767673656344,0.6591637064702809,0.35477502434514463,0.7958079532254487,0.41675876057706773,0.10582873993553221,0.21991710225120187,0.4817820261232555
VNM,0.87500323029235,0.1231169041711837,0.9170910008251667,0.21371136815287173,0.05697634117677808,0.8858912079595029,0.0020341230556368828,0.009075994370505214,0.0020855949260294437,0.20775110041722655
AFG,0.02281789341941476,0.4093137972522527,0.8944840696640313,0.7135265057440847,0.2685412203427404,0.1685924930498004,0.6645590502303094,0.9642833007965237,0.4076609427575022,0.21417984645813704
BGD,0.9327157502993941,0.5647344544995576,0.6766651668585837,0.5346685252152383,0.7961444761604071,0.1426592052448541,0.8713493477553129,0.9097254436928779,0.07880663825199008,0.4483885900117457
BTN,0.47045242111198604,0.3588473303243518,0.40173588995821774,0.157353182323277,0.8756296371575445,0.48150791274383664,0.9712491075042635,0.03449987946078181,0.04931027954444289,0.7451321515254676
IND,0.925514955073595,0.8785794407594949,0.9295713854953647,0.14235582505352795,0.023364752996712923,0.3851404367014766,0.5669625252485275,0.7036685394123197,0.3509705269243568,0.5208005551248789
IRN,0.685514451470226,0.9499677738640457,0.33875936130061746,0.3704484007321298,0.059984101448208094,0.6619869286660105,0.4737544364761561,0.35185780515894294,0.08748924266546965,0.4320082606282085
MDV,0.5765178347937763,0.1850997672881931,0.6386018313933164,0.3232410284690559,0.44755934341810644,0.030139290262013674,0.16610571648925543,0.8433994962833822,0.5697761659976095,0.6809917730279267
NPL,0.8701546939555556,0.22415229165926576,0.5138376960530877,0.07845984795130789,0.5057811457663774,0.07607067446224391,0.7049781905952841,0.3635716438293457,0.9482714352197945,0.15750000602565706
PAK,0.3946514604613185,0.0937529862858355,0.027721837628632784,0.6113820094615221,0.20863501797430217,0.8411396958399564,0.8585936806630343,0.40795963699929416,0.12272349675185978,0.3562355188187212
LKA,0.3271473818458617,0.18305133539251983,0.35164116020314395,0.7030300183687359,0.4898633831180632,0.7373471928294748,0.05291940225288272,0.48481217632070184,0.5197315777186304,0.20633088937029243
ARM,0.13867082959041,0.5682049342431128,0.8682785693090409,0.7773444026242942,0.11040613357909024,0.9029935083817691,0.014984759036451578,0.29777193209156394,0.10423536715097725,0.7490658923052251
AZE,0.6043576390948147,0.4796943909022957,0.29361421591602266,0.9667964819818735,0.046101304702460766,0.23535802541300654,0.3185634866822511,0.5407562754116952,0.48944469913840294,0.9136304699350148
BHR,0.9644717974588275,0.9772082245908678,0.6526619237847626,0.1658914831932634,0.9724203271325678,0.8296691132709384,0.3838311885483563,0.15257194498553872,0.01331728626973927,0.17484192526899278
CYP,0.9736328362487257,0.9264835480134934,0.9730673902668059,0.6242913980968297,0.584253188688308,0.5347615585196763,0.689913046779111,0.4067813113797456,0.9064323178026825,0.1742442362010479
GEO,0.09823761018924415,0.7158394048456103,0.1802726003807038,0.7012467647437006,0.5047793588601053,0.25708882068283856,0.32341178320348263,0.9284818565938622,0.138467000098899,0.5747644843067974
IRQ,0.8520589428953826,0.7183715747669339,0.24113340373151004,0.9491836277302355,0.6659843358211219,0.9944543445017189,0.4659447642043233,0.2576445755548775,0.3145375398453325,0.7699426549952477
ISR,0.6978049196768552,0.32366454671137035,0.7699195013847202,0.2647006993647665,0.06369472201913595,0.7682223452720791,0.174962141783908,0.437105025164783,0.08040862320922315,0.8177021443843842
JOR,0.41235986328683794,0.5076624222565442,0.011087294900789857,0.24262777529656887,0.18855074979364872,0.6315239223185927,0.8512112111784518,0.43772973283194005,0.8859087242744863,0.6726041215006262
KWT,0.15372605505399406,0.35880932956933975,0.5316683559212834,0.2946367503609508,0.7063515323679894,0.7716165599413216,0.5918478921521455,0.4613253581337631,0.09275303455069661,0.11865539359860122
LBN,0.35694364830851555,0.15638254396617413,0.6393755089957267,0.49676021258346736,0.2279813578352332,0.6402329250704497,0.4120665860828012,0.878057248191908,0.3791175379883498,0.13703051418997347
OMN,0.891492947936058,0.7876966595649719,0.4341873968951404,0.1334267428610474,0.7556693421211094,0.13100639334879816,0.11788744223304093,0.9202312335837632,0.4194014125969261,0.28730573412030935
QAT,0.13108065305277705,0.5584415020421147,0.8932719531003386,0.9510830231010914,0.418437636224553,0.3579896099399775,0.8665986759588122,0.23287649871781468,0.31964768958278,0.7843113439157605
SAU,0.6130293468013406,0.46861369581893086,0.8144723498262465,0.18852577591314912,0.9560219894628972,0.5985596915706992,0.042849611258134246,0.038979628356173635,0.3050440242514014,0.6085238542873412
PSE,0.5214085238985717,0.38213108922354877,0.18300139997154474,0.7064565166365355,0.4899694873020053,0.5491100717335939,0.8494833251461387,0.927139982348308,0.7550031347200274,0.48739507398568094
SYR,0.6741456037852913,0.03494091425091028,0.09717573155649006,0.20452146255411208,0.6542804597411305,0.6288617814425379,0.14804049651138484,0.2657970420550555,0.8210582335013896,0.07315654889680445
TUR,0.06243928801268339,0.17603269568644464,0.1945219503249973,0.2830240963958204,0.354224125854671,0.8587102668825537,0.6983792146202177,0.052408505929633975,0.6813958208076656,0.3189780577085912
ARE,0.08261821628548205,0.5170544786378741,0.8320266280788928,0.6208395804278553,0.49951968528330326,0.9126838105730712,0.1920274756848812,0.1900382498279214,0.357812108239159,0.029348323121666908
YEM,0.4854323612526059,0.017963677644729614,0.08434552233666182,0.9064836187753826,0.9262097291648388,0.22523169522173703,0.7975967151578516,0.5504779063630849,0.3566346827428788,0.3124482922721654
BLR,0.917189228348434,0.8591614100150764,0.7903467307332903,0.5942456417251378,0.8187313044909388,0.647328331368044,0.09911495144478977,0.02162802219390869,0.461341728689149,0.19898929656483233
BGR,0.10927384090609848,0.746989709790796,0.5327723361551762,0.8466421167831868,0.9077947882469743,0.4706107673700899,0.9380372066516429,0.29411281691864133,0.8685767452698201,0.645940576447174
CZE,0.4032480160240084,0.21929341601207852,0.8674800400622189,0.8659905639942735,0.5717560129705817,0.41871759621426463,0.5359681185800582,0.1186221232637763,0.009583866456523538,0.7270622942596674
HUN,0.8984536328352988,0.41737722256220877,0.2722246781922877,0.07962992298416793,0.6001431145705283,0.8571878429502249,0.7322311147581786,0.21376758348196745,0.6178194859530777,0.10233027464710176
POL,0.5431850785389543,0.5555647895671427,0.7577536085154861,0.6554660638794303,0.06295597250573337,0.8577704434283078,0.5134170392993838,0.13035438279621303,0.9077297933399677,0.4601781510282308
MDA,0.7531073086429387,0.9163038930855691,0.9209910698700696,0.31813150784000754,0.183451370568946,0.5703254542313516,0.4603204515296966,0.7131299923639745,0.7082630363292992,0.9870953857898712
ROU,0.13282790570519865,0.7082939909305423,0.5281433996278793,0.24262723815627396,0.1471020202152431,0.00786145287565887,0.003200687002390623,0.4220466623082757,0.16770808794535697,0.042770052794367075
RUS,0.5948435477912426,0.0055108710657805204,0.7788316854275763,0.8900814007502049,0.4793426317628473,0.2969249291345477,0.06755143660120666,0.5233911143150181,0.191568837268278,0.5249854184221476
SVK,0.4202610249631107,0.35110179032199085,0.31619105441495776,0.9660015068948269,0.8347901275847107,0.061947393231093884,0.7815616887528449,0.7363815915305167,0.7908396350685507,0.7031826095189899
UKR,0.7923650210723281,0.5868993422482163,0.4288274517748505,0.7599027622491121,0.44293403904885054,0.429148064693436,0.7350057696457952,0.9028672792483121,0.11484564072452486,0.5970163540914655
ALA,0.8262111176736653,0.10089664650149643,0.2863640475552529,0.42335666972212493,0.5059519312344491,0.17246875539422035,0.06449912977404892,0.06688434607349336,0.9435937230009586,0.2793907749000937
GGY,0.3611482980195433,0.13937664846889675,0.4263538371305913,0.7761981515213847,0.8092683020513505,0.16017708205617964,0.7693818020634353,0.9030760510358959,0.7080836910754442,0.8624098508153111
JEY,0.8215981738176197,0.05528749036602676,0.033199916360899806,0.23645150428637862,0.9184508093167096,0.14032335812225938,0.7162249099928886,0.6817106145899743,0.5525736811105162,0.46266393340192735
DNK,0.5899951988831162,0.46405879966914654,0.6808970398269594,0.6606401426251978,0.08396153547801077,0.41678848885931075,0.20643771742470562,0.4997015791013837,0.6394298106897622,0.6273494022898376
EST,0.04730695253238082,0.9556126855313778,0.6434077862650156,0.9610038495156914,0.9172503396403044,0.6261868868023157,0.7139885916840285,0.3685245343949646,0.47766678500920534,0.5522620079573244
FRO,0.0586506889667362,0.47424483275972307,0.45740888989530504,0.24147905292920768,0.7725224602036178,0.4465087198186666,0.43605488911271095,0.7679537481162697,0.7664865886326879,0.27703121886588633
FIN,0.5242553821299225,0.749533494701609,0.9177767208311707,0.07306849234737456,0.4588037761859596,0.12423007935285568,0.697237332817167,0.7089935063850135,0.6255635684356093,0.29012785805389285
ISL,0.6119295656681061,0.43937662127427757,0.3063001015689224,0.15570687502622604,0.7518130620010197,0.8458812390454113,0.46700679464265704,0.9543774717021734,0.628679046407342,0.4079273098614067
IRL,0.9218353463802487,0.13721357355825603,0.7884906735271215,0.26821460481733084,0.8307239215355366,0.6264420708175749,0.17166311922483146,0.26451623323373497,0.30095556075684726,0.7017227788455784
IMN,0.28041713894344866,0.902074288809672,0.4030422824434936,0.3271082497667521,0.19424772495403886,0.6446177356410772,0.5120158805511892,0.9309663821477443,0.7423668911214918,0.19835774530656636
LVA,0.4590854742564261,0.7087123461533338,0.8974536031018943,0.7726752676535398,0.4046900987159461,0.4830499382223934,0.22697843029163778,0.348931449232623,0.27926198788918555,0.8272767795715481
LTU,0.8881777951028198,0.9242430124431849,0.3636936501134187,0.06815887009724975,0.25702979834750295,0.3764061576221138,0.8503201885614544,0.6049021522048861,0.9451643850188702,0.24530195398256183
NOR,0.33389503927901387,0.40930591081269085,0.7407062007114291,0.6840771010611206,0.3061591812875122,0.3464268206153065,0.44409745559096336,0.7411407602485269,0.10199302271939814,0.011579258367419243
SJM,0.36735667125321925,0.5645088884048164,0.8231367922853678,0.5955381023231894,0.34722001547925174,0.617760727647692,0.6512472277972847,0.31249369704164565,0.059311826480552554,0.08052972028963268
SWE,0.14246062096208334,0.05106964451260865,0.9151802838314325,0.10326503240503371,0.10054271295666695,0.022313394816592336,0.28410555329173803,0.5503094096202403,0.9414273321162909,0.12227627425454557
GBR,0.946313762338832,0.289620746858418,0.8336259610950947,0.9164846702478826,0.3092754753306508,0.8019899835344404,0.956958168419078,0.8644751331303269,0.641888371668756,0.6948414496146142
ALB,0.4279648687224835,0.323455044766888,0.40073172049596906,0.6411554380320013,0.14790562679991126,0.496824688045308,0.559353502932936,0.55219456856139,0.033139306819066405,0.595409169793129
AND,0.632574776886031,0.8416409781202674,0.3484350142534822,0.708964376244694,0.7589894032571465,0.893887365469709,0.9515658607706428,0.5551115574780852,0.5755761018954217,0.7954157539643347
BIH,0.28581115789711475,0.4270905789453536,0.9347137536387891,0.0605460349470377,0.0830995284486562,0.6614086397457868,0.458919013151899,0.8303925620857626,0.9933734522201121,0.2875651011709124
HRV,0.17825715709477663,0.5549790374934673,0.25847377837635577,0.25642806058749557,0.9909370604436845,0.5253830617293715,0.99222332960926,0.4542767866514623,0.3246387797407806,0.755592483561486
GIB,0.511725441319868,0.43499289569444954,0.43294663936831057,0.2476981075014919,0.39287943090312183,0.0488992384634912,0.5643122799228877,0.883275848114863,0.20779354963451624,0.4896597054321319
GRC,0.5370507249608636,0.749409252544865,0.09255866147577763,0.6820985160302371,0.32422391744330525,0.26758343633264303,0.9505244942847639,0.7359019743744284,0.2482813831884414,0.8168866196647286
VAT,0.835659182164818,0.5558405392803252,0.46603293530642986,0.4356725732795894,0.3152083675377071,0.03990362421609461,0.7324099191464484,0.5762314458843321,0.478713377378881,0.487888807663694
ITA,0.9592701504006982,0.9961316836997867,0.369741304544732,0.18124709813855588,0.18468754854984581,0.041709970217198133,0.5375105671118945,0.8265712126158178,0.01847050990909338,0.4846024464350194
MLT,0.8833601141814142,0.21785268210805953,0.21649468480609357,0.6255275215953588,0.47459845431149006,0.9708566055633128,0.18477420951239765,0.1699996730312705,0.7259963017422706,0.6296417552512139
MNE,0.9793948496226221,0.8120043112430722,0.8705349194351584,0.9709344329312444,0.7423077842686325,0.0883045643568039,0.9914810426998883,0.020674224942922592,0.6759575959295034,0.7257738066837192
MKD,0.5079079349525273,0.18654611613601446,0.3613832120317966,0.8304516470525414,0.2809235861059278,0.33796444395557046,0.860186246689409,0.9637591089121997,0.2260673933196813,0.7385408077389002
PRT,0.19710346427746117,0.004763113800436258,0.9021883537061512,0.3772089802660048,0.6378994681872427,0.0365677266381681,0.6594021499622613,0.1025322345085442,0.20173978875391185,0.1901967355515808
SMR,0.9082429462578148,0.35196269932202995,0.6350304668303579,0.3738258315715939,0.17271076189354062,0.5482940387446433,0.2325117508880794,0.9313967686612159,0.8066895913798362,0.10970955155789852
SRB,0.3544600575696677,0.5039528699126095,0.21647765627130866,0.4435450837481767,0.9554498160723597,0.1752239540219307,0.42706928262487054,0.42287276731804013,0.3931591212749481,0.09751632600091398
SVN,0.23053781013004482,0.8302390638273209,0.5836828709580004,0.5409132638014853,0.4735205040778965,0.6444066548720002,0.9544509074185044,0.791322045493871,0.5442407513037324,0.2078827265650034
ESP,0.09144986746832728,0.40423663472756743,0.6141081710811704,0.43689603987149894,0.811589318793267,0.13330339104868472,0.31150794331915677,0.7606938020326197,0.26171035901643336,0.24544991552829742
AUT,0.21169254882261157,0.4682416913565248,0.7210354700218886,0.7001056077424437,0.7112837550230324,0.9624027006793767,0.5619133587460965,0.0904667244758457,0.1617614827118814,0.964752807514742
BEL,0.12781254923902452,0.1230710914824158,0.24129615724086761,0.34236007183790207,0.2901044797617942,0.5152055632788688,0.109126181807369,0.9434806036297232,0.9378165830858052,0.0848528437782079
FRA,0.26858945679850876,0.5082747279666364,0.006396450102329254,0.9491852330975235,0.3336774278432131,0.6823900153394789,0.17360289697535336,0.026120243361219764,0.41369391418993473,0.5492391318548471
DEU,0.21444324031472206,0.7394406208768487,0.9644461350981146,0.3316883051302284,0.7036087706219405,0.6816106485202909,0.4732180095743388,0.007840900449082255,0.4793686899356544,0.508882649242878
LIE,0.9477638849057257,0.8796661458909512,0.6958039191085845,0.7889299129601568,0.8729809566866606,0.9191274084150791,0.8280320221092552,0.2625630551483482,0.1889730468392372,0.6747437329031527
LUX,0.2818080715369433,0.8546721625607461,0.8490841388702393,0.9083981551229954,0.6321928726974875,0.6914065298624337,0.3538263060618192,0.4742352245375514,0.47607621597126126,0.008386751171201468
MCO,0.8703454178757966,0.7857823853846639,0.6047692734282464,0.48358592716977,0.07060659653507173,0.14443712891079485,0.512004888150841,0.328261372866109,0.7305179226677865,0.33102918369695544
NLD,0.0049374280497431755,0.2793952089268714,0.8254319066181779,0.43422447913326323,0.7118500703945756,0.4495459122117609,0.15584712103009224,0.38209647010080516,0.01986386743374169,0.1870306832715869
CHE,0.5795740094035864,0.18153984937816858,0.20456006284803152,0.27682117908261716,0.11035399767570198,0.4356559766456485,0.8651934475637972,0.13446547579951584,0.6865526014007628,0.2763980885501951
AUS,0.4646498686634004,0.0904155932366848,0.5776181693654507,0.018885809695348144,0.7845728271640837,0.6451831185258925,0.8105743273627013,0.9236821543890983,0.9756101632956415,0.9757843585684896
CXR,0.9460938789416105,0.09664601320400834,0.4265939446631819,0.34059801511466503,0.7140108614694327,0.8642725131940097,0.9146750359795988,0.5766891669481993,0.06586630549281836,0.7084489394910634
CCK,0.24462328874506056,0.7988115896005183,0.1945081816520542,0.8236737865954638,0.5821202653460205,0.33686573314480484,0.14819054887630045,0.8306625781115144,0.8647799568716437,0.9495619805529714
HMD,0.7507530939765275,0.11318700341507792,0.034907876048237085,0.5992066171020269,0.5182291998062283,0.2161439387127757,0.7911884689237922,0.10341843590140343,0.11373978643678129,0.060664281249046326
NZL,0.2836427378933877,0.29551410721614957,0.6653247061185539,0.5245921607129276,0.67933547287248075,0.1468141188379377,0.18691030074842274,0.033550356747582555,0.2321493960916996,0.020937593886628747
NFK,0.03828860120847821,0.8048463624436408,0.9636102521326393,0.2370108705945313,0.26568218879401684,0.5113526417408139,0.7519611872266978,0.5823667957447469,0.2705886485055089,0.3961880411952734
FJI,0.9490581932477653,0.554608803242445,0.664642499294132,0.7799036970827729,0.10370684857480228,0.20823689526878297,0.945187718141824,0.6957539592403919,0.35768907400779426,0.51243832311593
NCL,0.8403729870915413,0.8301823143847287,0.2906381660141051,0.23439241154119372,0.7812187955714762,0.996000126702711,0.39927082788199186,0.7001744464505464,0.15472197206690907,0.13968972186557949
PNG,0.72327348170802,0.13804108486510813,0.35398492054082453,0.3560948371887207,0.4051558303181082,0.5796835471410304,0.703573343809694,0.9287835294380784,0.9212846455629915,0.11735831340774894
SLB,0.23915513511747122,0.7397746942006052,0.2116573250386864,0.968075493350625,0.43499134946614504,0.37534668087027967,0.9978754727635533,0.08541231020353734,0.3049944310914725,0.5621422522235662
VUT,0.6305692731402814,0.5059024177026004,0.7259594551287591,0.6304246953222901,0.38304356555454433,0.7762421611696482,0.024651608429849148,0.3169847815297544,0.541176491882652,0.06462513701990247
GUM,0.6768486753571779,0.004382019396871328,0.9062429582700133,0.09728139755316079,0.11085990956053138,0.613295630319044,0.8261729031801224,0.35521160741336644,0.9065278954803944,0.8010037399362773
KIR,0.20825799833983183,0.3924499817658216,0.12419234775006771,0.018911355873569846,0.6599430912174284,0.010044504888355732,0.4970169903244823,0.2231689093168825,0.1883014494087547,0.018577438546344638
MHL,0.3810282573103905,0.22045812336727977,0.4887291823979467,0.04166113887913525,0.04419011785648763,0.4602484991773963,0.28796956851147115,0.22687239875085652,0.37797315046191216,0.3413481800816953
FSM,0.37247103126719594,0.03834895184263587,0.6323656055610627,0.32888668798841536,0.11815835349261761,0.08323219092562795,0.5112911555916071,0.6054916854482144,0.8549709792714566,0.2859258041717112
NRU,0.7218585442751646,0.17820514040067792,0.0795258185826242,0.3737945845350623,0.920507145114243,0.7945881823543459,0.44292703038081527,0.398799471789971,0.12321956641972065,0.9912400625180453
MNP,0.9810356216039509,0.968455579597503,0.011455469531938434,0.9308079269248992,0.76136287627741694,0.2794895537663251,0.07655236148275435,0.8324070256203413,0.8099157779943198,0.1755680227652192
PLW,0.22903460101224482,0.3915504366159439,0.7985368056688458,0.32281887787394226,0.3796843863092363,0.6923280793707818,0.3394245463423431,0.3342202603816986,0.6579526895657182,0.2654238031245768
UMI,0.24510419880971313,0.9461690268944949,0.31802376825362444,0.8887939306441694,0.9715007313061506,0.26379756233654916,0.6632431223988533,0.30188752547837794,0.5332035208120942,0.10987352370284498
ASM,0.2649781806394458,0.49890015623532236,0.4111083853058517,0.2888360626529902,0.5575731617864221,0.6919280323199928,0.057990944012999535,0.4704874474555254,0.3201098972931504,0.4325987717602402
COK,0.47675843187607825,0.33318285923451185,0.911149162100628,0.44805396534502506,0.9912943635135889,0.4052913326304406,0.7922078231349587,0.5191079608630389,0.1640325323678553,0.8882947152014822
PYF,0.5984245808795094,0.8275679980870336,0.25035984767600894,0.09244911302812397,0.5592378426808864,0.7178840844426304,0.7326151339802891,0.5046155049931258,0.2817160056438297,0.28750762226991355
NIU,0.4284563264809549,0.30401153513230383,0.7133152219466865,0.42387601104564965,0.14777561696246266,0.4496245433110744,0.3975446461699903,0.23018597508780658,0.5336496788077056,0.26982950000092387
PCN,0.7643542520236224,0.490974742686376,0.9526412291452289,0.6474602969828993,0.6194881175179034,0.41365551645867527,0.526968706632033,0.713046798016876,0.44784004846587777,0.4875035407021642
WSM,0.12094639730639756,0.03683688445016742,0.30869329278357327,0.6260473516304046,0.39358304161578417,0.9477180491667241,0.1491021264810115,0.8634419897571206,0.5475599199999124,0.09255848708562553
TKL,0.3516302821226418,0.21367282350547612,0.24566325754858553,0.1099908899050206,0.7875637565739453,0.21348605654202402,0.7489670943468809,0.7063936127815396,0.02352793188765645,0.7129062691237777
TON,0.033382795518264174,0.5204872156027704,0.09418930392712355,0.2923080895561725,0.442971981363371,0.22556265187449753,0.7266354609746486,0.677525585051626,0.16675254539586604,0.5849363589659333
TUV,0.44130684435367584,0.3190582771785557,0.8654953953810036,0.9934525673743337,0.3492313255555928,0.6934979483485222,0.3308878217358142,0.2615783270448446,0.13662133063189685,0.7111086384393275
WLF,0.9098831473384053,0.9529834615532309,0.057247525081038475,0.3804665789939463,0.9227084273006767,0.6989490226842463,0.8212171804625541,0.7558110561221838,0.5017007584683597,0.48173524579033256
