from,to,quantity,exports,probability
ARE,BHR,0.11684485999999998,11144.418033979999,1.048460849581674e-5
ARE,CHN,274.23268179999997,11144.418033979999,0.02460717831688008
ARE,DZA,59.444271369999996,11144.418033979999,0.0053339951165463145
ARE,EGY,121.67408010999999,11144.418033979999,0.010917939343176865
ARE,GIN,0.060627049999999995,11144.418033979999,5.440127049716233e-6
ARE,HKG,1338.7918712299997,11144.418033979999,0.12013116047405464
ARE,IND,8829.73348279,11144.418033979999,0.7923009937232803
ARE,IRN,5.739728169999999,11144.418033979999,5.150316645067713e-4
ARE,LKA,81.70762643999998,11144.418033979999,0.0073317086806030185
ARE,MRT,11.0231,11144.418033979999,9.891140090393152e-4
ARE,OMN,1.82211843,11144.418033979999,1.635005456941988e-4
ARE,SDN,8.5318794,11144.418033979999,7.655742429964299e-4
ARE,TWN,232.51686216,11144.418033979999,0.0208639752610717
ARE,TZA,15.141330159999999,11144.418033979999,0.0013586470028164033
ARE,UGA,1.9521910099999997,11144.418033979999,1.751720910008627e-4
ARG,BOL,0.6172936,1576.6813923299999,3.915144828897684e-4
ARG,BRA,269.22158054,1576.6813923299999,0.17075205038232089
ARG,CAN,19.19452403,1576.6813923299999,0.012174003018856317
ARG,CHL,62.43263377999999,1576.6813923299999,0.039597495146269104
ARG,CHN,804.3082076699999,1576.6813923299999,0.5101272911462496
ARG,HKG,216.17511641,1576.6813923299999,0.13710767277499172
ARG,IND,22.0462,1576.6813923299999,0.013982660103206014
ARG,MEX,15.983494999999998,1576.6813923299999,0.01013742857482436
ARG,PRY,54.784807,1576.6813923299999,0.034746910356466945
ARG,TWN,2.6896363999999995,1576.6813923299999,0.0017058845325911335
ARG,URY,24.18798833,1576.6813923299999,0.01534107553223248
ARG,USA,75.78050556999999,1576.6813923299999,0.04806329670575519
AUS,CHL,60.013063329999994,53864.81797168999,0.0011141421356244325
AUS,CHN,1953.2437160499996,53864.81797168999,0.03626195705472496
AUS,FJI,2.4008311799999995,53864.81797168999,4.457141545083874e-5
AUS,GBR,0.4541517199999999,53864.81797168999,8.431323767559945e-6
AUS,HKG,49026.95685359999,53864.81797168999,0.910185139386665
AUS,IDN,207.20892687,53864.81797168999,0.003846832397705379
AUS,IND,58.26590197999999,53864.81797168999,0.0010817060963730185
AUS,ISR,89.28711,53864.81797168999,0.0016576146242047469
AUS,JPN,0.19841579999999998,53864.81797168999,3.683588053788326e-6
AUS,MYS,87.20264178999999,53864.81797168999,0.0016189164852618927
AUS,NZL,418.43026213999997,53864.81797168999,0.007768155131609588
AUS,PHL,33.79351767,53864.81797168999,6.273764386943818e-4
AUS,PNG,1.1012076899999999,53864.81797168999,2.044391369852521e-5
AUS,QAT,81.88068911,53864.81797168999,0.0015201144679080594
AUS,SGP,1533.09164569,53864.81797168999,0.028461836564559726
AUS,TWN,152.87496466,53864.81797168999,0.002838122737931599
AUS,USA,77.56073621999998,53864.81797168999,0.0014399145702258564
AUS,VNM,25.508555709999996,53864.81797168999,4.735661730706425e-4
AUS,WSM,0.17967653,53864.81797168999,3.3356936264860957e-6
AUS,ZAF,28.456132649999997,53864.81797168999,5.282879200474757e-4
AZE,RUS,22.2335927,22.2335927,1
BEN,TGO,170.51964083,170.51964083,1
BGD,CHN,51.149388619999996,125.32382851999999,0.40813777574499527
BGD,MYS,74.1744399,125.32382851999999,0.5918622242550048
BHR,ARE,327.93722499999996,796.4333050299999,0.4117572971005366
BHR,IND,176.38393003,796.4333050299999,0.22146729539814508
BHR,IRN,19.841579999999997,796.4333050299999,0.024913046547259357
BHR,PAK,244.71281999999997,796.4333050299999,0.3072609074161987
BHR,SAU,5.51155,796.4333050299999,0.006920290707572044
BHR,YEM,22.0462,796.4333050299999,0.027681162830288177
BLR,RUS,1102.7432078299998,1175.1197801199999,0.9384091957990792
BLR,UKR,3.8470619,1175.1197801199999,0.0032737615050672953
BLZ,GTM,105.86475008999999,125.70633008999998,0.8421592613053429
BLZ,MEX,19.841579999999997,125.70633008999998,0.1578407386946571
BOL,PER,116.26724955999998,116.26724955999998,1
BRA,ARE,87.1486286,5361.6689092999995,0.016254011591211405
BRA,ARG,0.06283166999999999,5361.6689092999995,1.1718677721971286e-5
BRA,BOL,5.5898140099999996,5361.6689092999995,0.0010425511355809894
BRA,CAN,8.606836479999998,5361.6689092999995,0.0016052532570728386
BRA,CHL,226.43431557999997,5361.6689092999995,0.04223205860161224
BRA,CHN,1869.1330538099999,5361.6689092999995,0.34861030873576027
BRA,CUB,0.00771617,5361.6689092999995,1.4391358605929652e-6
BRA,DOM,22.93686648,5361.6689092999995,0.004277934141031203
BRA,ECU,0.06283166999999999,5361.6689092999995,1.1718677721971286e-5
BRA,HKG,591.78063505,5361.6689092999995,0.11037246891980519
BRA,IND,29.0679147,5361.6689092999995,0.005421430377690928
BRA,MEX,0.0110231,5361.6689092999995,2.0559083722756643e-6
BRA,PER,0.0110231,5361.6689092999995,2.0559083722756643e-6
BRA,PRY,407.13930080999995,5361.6689092999995,0.07593518132083889
BRA,URY,7.157298829999999,5361.6689092999995,0.001334901306118589
BRA,USA,2086.91313358,5361.6689092999995,0.38922827367429885
BRB,TTO,195.28744422,903.3981605,0.21616984930754682
BRB,USA,708.11071628,903.3981605,0.7838301506924532
BRN,SGP,19.841579999999997,19.841579999999997,1
BWA,ZAF,196.37432187999997,196.37432187999997,1
CAN,AUS,3.7136823899999998,147803.50421132997,2.5125807468611595e-5
CAN,BRA,84.40277438999999,147803.50421132997,5.710471807848386e-4
CAN,CHL,452.40235402999997,147803.50421132997,0.0030608364561042715
CAN,CHN,34545.20270058,147803.50421132997,0.2337238408853091
CAN,CMR,0.14109568,147803.50421132997,9.546166090775553e-7
CAN,CUB,0.37588771,147803.50421132997,2.543158310120675e-6
CAN,GBR,308.63357227999995,147803.50421132997,0.0020881343370500512
CAN,HKG,33434.410425129994,147803.50421132997,0.22620850976121212
CAN,IND,2849.47135,147803.50421132997,0.019278780738011567
CAN,IRQ,2.49893677,147803.50421132997,1.6907155099834515e-5
CAN,ISL,0.00551155,147803.50421132997,3.728971129209201e-8
CAN,ISR,47.328782159999996,147803.50421132997,3.202142088074525e-4
CAN,JPN,110.65649165999999,147803.50421132997,7.486729915535896e-4
CAN,MEX,209.84014083999998,147803.50421132997,0.0014197237200815605
CAN,NZL,25.000390799999998,147803.50421132997,1.6914613042092933e-4
CAN,PAK,6.613859999999999,147803.50421132997,4.4747653550510406e-5
CAN,SAU,1.08467304,147803.50421132997,7.3386151822837075e-6
CAN,TUR,5.05519366,147803.50421132997,3.420212319710679e-5
CAN,TWN,171.28905320999996,147803.50421132997,0.0011588971054778937
CAN,USA,74622.19050582999,147803.50421132997,0.5048742985087479
CAN,VCT,0.02755775,147803.50421132997,1.8644855646046004e-7
CAN,VNM,25.8161002,147803.50421132997,1.7466500769215898e-4
CAN,ZAF,6.734011789999999,147803.50421132997,4.5560569256678014e-5
CHE,CAN,0.16865343,66433.49878968,2.5386805312472745e-6
CHE,CHN,336.58484695,66433.49878968,0.005066492854991497
CHE,GBR,726.86872555,66433.49878968,0.010941298272595485
CHE,HKG,99.34458643999999,66433.49878968,0.0014953989816871198
CHE,IDN,0.0551155,66433.49878968,8.29634160538325e-7
CHE,IND,390.0634166,66433.49878968,0.005871486880961833
CHE,KOR,5.01661281,66433.49878968,7.551330129219834e-5
CHE,NOR,26.069631499999996,66433.49878968,3.924169579346277e-4
CHE,SAU,0.110231,66433.49878968,1.65926832107665e-6
CHE,SGP,0.57540582,66433.49878968,8.661380636020113e-6
CHE,SMR,49.4716728,66433.49878968,7.446796224992006e-4
CHE,THA,6.834321999999999,66433.49878968,1.028746359067523e-4
CHE,TUR,4.95157652,66433.49878968,7.453433298276312e-5
CHE,TWN,132.28932540999998,66433.49878968,0.001991304504807298
CHE,TZA,18.188115,66433.49878968,2.7377927297764725e-4
CHE,USA,167.14657222999998,66433.49878968,0.0025159983332981566
CHL,BOL,42.937179119999996,898.2702143799999,0.04779984734285764
CHL,CHN,189.11120128999997,898.2702143799999,0.21052818880399754
CHL,COL,138.71358808999997,898.2702143799999,0.1544230075420482
CHL,HKG,97.96780125,898.2702143799999,0.1090627293231791
CHL,PER,269.625026,898.2702143799999,0.3001602654565357
CHL,PRY,68.85469183999999,898.2702143799999,0.07665253810906396
CHL,USA,16.254663259999997,898.2702143799999,0.018095516248659342
CHN,AUS,75.60523827999998,47917.926069529996,0.0015778069812598956
CHN,BFA,0.033069299999999996,47917.926069529996,6.901237743890605e-7
CHN,CAN,956.8877532499998,47917.926069529996,0.019969306515092787
CHN,CHE,26.308832769999995,47917.926069529996,5.490394707781235e-4
CHN,COL,0.20172273,47917.926069529996,4.209755023773269e-6
CHN,DOM,225.09831585999996,47917.926069529996,0.004697580515763082
CHN,DZA,0.33069299999999996,47917.926069529996,6.901237743890604e-6
CHN,GBR,21.872035019999995,47917.926069529996,4.564478643809245e-4
CHN,HKG,14341.672598219999,47917.926069529996,0.29929660514542944
CHN,IDN,2.9652138999999997,47917.926069529996,6.188109843688576e-5
CHN,IND,193.11699583,47917.926069529996,0.004030161813551422
CHN,ISL,0.00440924,47917.926069529996,9.201650325187473e-8
CHN,JPN,213.24407411999996,47917.926069529996,0.004450194146770417
CHN,KAZ,22.0462,47917.926069529996,4.6008251625937363e-4
CHN,KGZ,2.755775,47917.926069529996,5.7510314532421704e-5
CHN,KOR,375.30458801,47917.926069529996,0.00783223771966726
CHN,LKA,3.8360387999999994,47917.926069529996,8.005435782913101e-5
CHN,MAC,2.21013155,47917.926069529996,4.6123272255002206e-5
CHN,MEX,31.44780199,47917.926069529996,6.562847053181836e-4
CHN,MMR,21.495044999999998,47917.926069529996,4.4858045335288926e-4
CHN,MRT,11.0231,47917.926069529996,2.3004125812968682e-4
CHN,MYS,224.81502218999998,47917.926069529996,0.00469166845542915
CHN,NGA,12.123205379999998,47917.926069529996,2.5299937569102956e-4
CHN,NZL,158.48241563,47917.926069529996,0.0033073721805079465
CHN,PHL,406.27398746,47917.926069529996,0.008478538634382617
CHN,PRY,0.23148509999999997,47917.926069529996,4.830866420723423e-6
CHN,RUS,27.81569054,47917.926069529996,5.804861107644517e-4
CHN,SDN,22.0462,47917.926069529996,4.6008251625937363e-4
CHN,SGP,124.27002015999999,47917.926069529996,0.002593393127650837
CHN,THA,0.20833659,47917.926069529996,4.347779778651081e-6
CHN,TWN,256.06440838,47917.926069529996,0.005343812418100999
CHN,USA,29552.234440079996,47917.926069529996,0.6167260744381765
CHN,VNM,21.450952599999997,47917.926069529996,4.476602883203705e-4
CHN,YEM,251.52730041999996,47917.926069529996,0.00524912743625482
CHN,ZAF,227.53772788999999,47917.926069529996,0.004748488646187182
CIV,BFA,50.70625999999999,57.65081299999999,0.8795411089866156
CIV,GIN,1.4881185,57.65081299999999,0.025812619502868072
CIV,NGA,5.456434499999999,57.65081299999999,0.09464627151051626
CMR,SEN,16.53465,16.53465,1
COL,ABW,0.551155,179.06805487999998,0.0030779080074854726
COL,CAN,17.63696,179.06805487999998,0.09849305623953512
COL,CHL,45.16604993999999,179.06805487999998,0.2522284053974195
COL,DOM,1.3426135799999999,179.06805487999998,0.007497783906234611
COL,HKG,107.96244601999999,179.06805487999998,0.6029129321382842
COL,USA,6.40883034,179.06805487999998,0.035789914311041074
CRI,CHN,219.87005952999996,1537.0919286799997,0.14304288209932675
CRI,COL,22.040688449999998,1537.0919286799997,0.014339212924582697
CRI,GTM,20.240616219999996,1537.0919286799997,0.013168123416913603
CRI,HKG,110.20233993999999,1537.0919286799997,0.07169534748298227
CRI,HND,13.427238109999998,1537.0919286799997,0.008735481502092614
CRI,KOR,12.599403299999999,1537.0919286799997,0.00819690941375245
CRI,MEX,1.05050143,1537.0919286799997,6.834343544449769e-4
CRI,NIC,44.13208316,1537.0919286799997,0.028711414286001147
CRI,PAN,174.02498662999997,1537.0919286799997,0.11321703236022226
CRI,SLV,17.42200955,1537.0919286799997,0.011334396612804679
CRI,TWN,95.60885784999999,1537.0919286799997,0.062201131933667435
CRI,USA,752.2394925099999,1537.0919286799997,0.4893913489975818
CUB,MEX,38.139925999999996,81.89501913999999,0.46571728537970764
DOM,CAN,89.82173035,1719.27841855,0.052243853805687614
DOM,CHN,152.6037964,1719.27841855,0.08876037455800936
DOM,CRI,85.89971137,1719.27841855,0.04996265319403349
DOM,CUB,0.049603949999999994,1719.27841855,2.8851609759537857e-5
DOM,HKG,398.44538184,1719.27841855,0.23175151711381317
DOM,JAM,43.078274799999996,1719.27841855,0.025056020208949766
DOM,PAK,107.28783229999999,1719.27841855,0.06240282617546267
DOM,TWN,25.887750349999997,1719.27841855,0.015057334560061036
DOM,USA,816.2043371899999,1719.27841855,0.4747365687742233
ECU,CAN,394.10228043999996,1583.1420312399998,0.24893678056877713
ECU,CHL,0.25132667999999997,1583.1420312399998,1.5875182077197946e-4
ECU,CHN,990.9138583299999,1583.1420312399998,0.6259159562290594
ECU,COL,68.99909444999999,1583.1420312399998,0.043583641321149356
ECU,MEX,124.8145613,1583.1420312399998,0.07883977485092647
ECU,PER,0.33399993,1583.1420312399998,2.1097281444697273e-4
ECU,USA,3.7269101099999995,1583.1420312399998,0.0023541223948686956
EGY,CHN,286.47603897,1602.9604627299998,0.1787168465041883
EGY,GBR,60.272106179999994,1602.9604627299998,0.03760049457324147
EGY,HKG,340.33380325999997,1602.9604627299998,0.2123157814387873
EGY,IND,262.07861174,1602.9604627299998,0.16349661631307752
EGY,MKD,111.6088875,1602.9604627299998,0.06962672510956325
EGY,SAU,35.47894966,1602.9604627299998,0.022133390364211383
EGY,SYR,0.7716169999999999,1602.9604627299998,4.813699513747582e-4
EGY,USA,68.33660614,1602.9604627299998,0.04263149823646681
EGY,YEM,0.6613859999999999,1602.9604627299998,4.1260281546407846e-4
EGY,ZAF,436.94245627999993,1602.9604627299998,0.2725846746936252
FJI,AUS,269.32299306,269.32299306,1
GBR,ARE,612.9725447999998,133380.94741224,0.004595652952632642
GBR,AUS,556.58277444,133380.94741224,0.004172880649286226
GBR,BHR,0.00771617,133380.94741224,5.7850616221458236e-8
GBR,BRA,18.46479481,133380.94741224,1.384365246179496e-4
GBR,BRB,2.56397306,133380.94741224,1.9222933333015983e-5
GBR,CAN,1444.62796126,133380.94741224,0.010830841955223887
GBR,CHE,41.444651379999996,133380.94741224,3.107239240991981e-4
GBR,CHN,12644.476755899997,133380.94741224,0.09479972215836614
GBR,DZA,23.042688239999997,133380.94741224,1.7275846878476612e-4
GBR,EGY,197.34104775,133380.94741224,0.0014795295098637945
GBR,GIN,43.4089678,133380.94741224,3.254510381144322e-4
GBR,HKG,70648.44893601,133380.94741224,0.5296742173952109
GBR,IDN,19.621118,133380.94741224,1.4710585267742237e-4
GBR,IND,6290.183203149999,133380.94741224,0.04715953309065164
GBR,IRN,56.90234451,133380.94741224,4.2661523713827086e-4
GBR,ISL,53.36833864999999,133380.94741224,4.001196549088429e-4
GBR,ISR,447.12449374999994,133380.94741224,0.0033522366006898566
GBR,JAM,0.07495708,133380.94741224,5.619774147227372e-7
GBR,JOR,130.07258,133380.94741224,9.751961020188674e-4
GBR,JPN,37.761833669999994,133380.94741224,2.8311265141407066e-4
GBR,KAZ,8.81848,133380.94741224,6.611498996738084e-5
GBR,KEN,98.72288359999999,133380.94741224,7.401573126848285e-4
GBR,KHM,28.858475799999997,133380.94741224,2.163613046682538e-4
GBR,KOR,39.37892243999999,133380.94741224,2.952364876993391e-4
GBR,KWT,3.3929101799999994,133380.94741224,2.5437742389949778e-5
GBR,LBN,10.0861365,133380.94741224,7.561901977519184e-5
GBR,LKA,25.016925449999995,133380.94741224,1.8755996216371351e-4
GBR,MAR,184.44071381999998,133380.94741224,0.001382811543915262
GBR,MEX,0,133380.94741224,0
GBR,MKD,57.320119999999996,133380.94741224,4.297474347879755e-4
GBR,MYS,334.94681428999996,133380.94741224,0.002511204342062297
GBR,NGA,74.04987886999999,133380.94741224,5.551758351298428e-4
GBR,NOR,378.31609893,133380.94741224,0.0028363578627218764
GBR,NZL,286.6006,133380.94741224,0.0021487371739398776
GBR,OMN,69.55135176,133380.94741224,5.214489258727327e-4
GBR,PAK,1163.0979872599999,133380.94741224,0.008720120900515252
GBR,PAN,16.53465,133380.94741224,1.2396560618883908e-4
GBR,PHL,21.628424510000002,133380.94741224,1.6215527726874747e-4
GBR,PRY,0.00551155,133380.94741224,4.132186872961303e-8
GBR,SAU,55.55862861999999,133380.94741224,4.1654096554199116e-4
GBR,SGP,81.59078158,133380.94741224,6.117124159256994e-4
GBR,SUR,50.025032419999995,133380.94741224,3.7505380933745966e-4
GBR,SYR,49.95889382,133380.94741224,3.7455794691270436e-4
GBR,THA,151.18402111999998,133380.94741224,0.0011334753880007772
GBR,TTO,0.026455439999999997,133380.94741224,1.983449699021425e-7
GBR,TUR,0.00220462,133380.94741224,1.6528747491845213e-8
GBR,TWN,655.95712325,133380.94741224,0.004917922206854895
GBR,TZA,1.66669272,133380.94741224,1.2495733103834979e-5
GBR,UGA,50.881527289999994,133380.94741224,3.814752277380415e-4
GBR,USA,4627.08511606,133380.94741224,0.03469075010960212
GBR,ZAF,146.18504527,133380.94741224,0.0010959964530630182
GIN,TWN,12.969779459999998,12.969779459999998,1
GRD,CRI,26.455439999999996,26.455439999999996,1
GTM,BLZ,0.0220462,2016.9373924699996,1.0930532639390253e-5
GTM,BRA,146.60723,2016.9373924699996,0.07268804205194518
GTM,CHN,715.5700480499999,2016.9373924699996,0.35478049577616894
GTM,CRI,147.19696584999997,2016.9373924699996,0.07298043380004886
GTM,HND,595.8999675199999,2016.9373924699996,0.2954479250296627
GTM,MEX,33.1023693,2016.9373924699996,0.016412194758044465
GTM,NIC,206.27196336999998,2016.9373924699996,0.10226988906055899
GTM,PAN,0.00440924,2016.9373924699996,2.1861065278780506e-6
GTM,SLV,126.73147838999998,2016.9373924699996,0.0628336203509029
GTM,USA,45.53091455,2016.9373924699996,0.02257428253350072
GUY,USA,66.57621707,66.57621707,1
HKG,ARE,36.37623,1440806.33626556,2.5247133555980817e-5
HKG,AUS,26.455439999999996,1440806.33626556,1.8361551677076955e-5
HKG,BGD,3.38188708,1440806.33626556,2.347218356053004e-6
HKG,BRA,2.61798625,1440806.33626556,1.8170285513774072e-6
HKG,CAN,323.30862530999997,1440806.33626556,2.2439422785159785e-4
HKG,CHE,52.183355399999996,1440806.33626556,3.621816068303429e-5
HKG,CHN,1428256.03095527,1440806.33626556,0.9912893877585107
HKG,FJI,0.0551155,1440806.33626556,3.8253232660576994e-8
HKG,GBR,218.6211423,1440806.33626556,1.517352726714447e-4
HKG,IDN,435.43559851,1440806.33626556,3.022166043762757e-4
HKG,IND,145.19737551,1440806.33626556,1.0077508118567725e-4
HKG,ISR,17.91363981,1440806.33626556,1.2433065679340734e-5
HKG,JPN,128.93168914999998,1440806.33626556,8.948578716288776e-5
HKG,KHM,27.58641006,1440806.33626556,1.9146508011271995e-5
HKG,KOR,51.109705459999994,1440806.33626556,3.547298771080625e-5
HKG,LKA,17.06816804,1440806.33626556,1.1846261090327484e-5
HKG,MAC,103.5730476,1440806.33626556,7.188547481575629e-5
HKG,MEX,22.443031599999998,1440806.33626556,1.5576716339386952e-5
HKG,MMR,0.0440924,1440806.33626556,3.060258612846159e-8
HKG,MYS,188.63831029999997,1440806.33626556,1.309255141040908e-4
HKG,NGA,0.6613859999999999,1440806.33626556,4.590387919269239e-7
HKG,PHL,610.8990996899998,1440806.33626556,4.239980657451821e-4
HKG,SGP,329.49699365,1440806.33626556,2.2868930081472742e-4
HKG,THA,249.19371015,1440806.33626556,1.7295434082826674e-4
HKG,TWN,182.02665492,1440806.33626556,1.26336656314128e-4
HKG,TZA,0.220462,1440806.33626556,1.5301293064230797e-007
HKG,USA,8546.753971139999,1440806.33626556,0.005931924198287754
HKG,VNM,292.06034142999994,1440806.33626556,2.027061750623571e-4
HKG,ZAF,3.3069299999999995,1440806.33626556,2.2951939596346194e-6
HND,CHE,43.882961099999996,1398.3397597399999,0.031382187908437484
HND,CHL,241.35077449999997,1398.3397597399999,0.17259809200081352
HND,CHN,128.31880479,1398.3397597399999,0.09176511208825168
HND,CRI,14.343257719999999,1398.3397597399999,0.01025734813023332
HND,GTM,13.778875,1398.3397597399999,0.009853738981549072
HND,HKG,100.54500202999998,1398.3397597399999,0.07190312749792283
HND,ISR,117.45113049999999,1398.3397597399999,0.08399327107872429
HND,NIC,243.30186319999999,1398.3397597399999,0.1739933814406009
HND,SLV,271.62461634,1398.3397597399999,0.19424793899195464
HND,TWN,21.654879949999998,1398.3397597399999,0.01548613618340252
HND,USA,156.99870636999998,1398.3397597399999,0.11227507855400716
IDN,AUS,93.14739962,19155.88365526,0.004862599987363294
IDN,CHE,94.57819799999999,19155.88365526,0.004937292358947369
IDN,CHN,9569.0979945,19155.88365526,0.4995383228834984
IDN,CRI,0.00771617,19155.88365526,4.02809399914121e-7
IDN,CYM,0.21164351999999997,19155.88365526,1.1048486397644461e-5
IDN,DZA,1.9290424999999998,19155.88365526,1.0070234997853025e-4
IDN,HKG,3042.9917912899996,19155.88365526,0.15885415917393228
IDN,IND,587.8773553399999,19155.88365526,0.03068912747225707
IDN,JAM,0.00551155,19155.88365526,2.8772099993865783e-7
IDN,JPN,59.902832329999995,19155.88365526,0.0031271244599332965
IDN,KOR,110.53303293999998,19155.88365526,0.0057701871095697955
IDN,LKA,18.739269999999998,19155.88365526,9.782513997914366e-4
IDN,MYS,1040.8573198099998,19155.88365526,0.05433616838261552
IDN,NGA,4.608758109999999,19155.88365526,2.4059230014870567e-4
IDN,PAK,69.44552999999999,19155.88365526,0.003625284599227089
IDN,PHL,89.06113644999999,19155.88365526,0.004649283638008772
IDN,PNG,0.16644880999999997,19155.88365526,8.689174198147466e-6
IDN,SDN,7.22453974,19155.88365526,3.7714468671959275e-4
IDN,SGP,1152.01646483,19155.88365526,0.06013904059777835
IDN,THA,5.630599479999999,19155.88365526,2.939357735373328e-4
IDN,TWN,469.35698413999995,19155.88365526,0.024501975089576175
IDN,USA,149.04884665,19155.88365526,0.007780839001341125
IDN,VNM,0.44643555,19155.88365526,2.330540099503129e-5
IDN,ZWE,3.5692797799999996,19155.88365526,1.8632811956027483e-4
IND,ARE,57.70262156999999,2356.4808394599995,0.024486777318003937
IND,AUS,6.92581373,2356.4808394599995,0.002939049456301579
IND,BGD,2.7833327499999996,2356.4808394599995,0.0011811395634508174
IND,CHN,318.28209171,2356.4808394599995,0.13506670047142674
IND,COG,1.26875881,2356.4808394599995,5.384125297156004e-4
IND,ETH,1.10231,2356.4808394599995,4.677780449310168e-4
IND,GBR,19.67513119,2356.4808394599995,0.00834937032397372
IND,HKG,518.76472296,2356.4808394599995,0.2201438323932554
IND,ISR,1.8298345999999996,2356.4808394599995,7.765115545854878e-4
IND,LKA,5.1301507399999995,2356.4808394599995,0.0021770390211089522
IND,MAR,3.50755042,2356.4808394599995,0.0014884697389704955
IND,MOZ,0.8983826499999998,2356.4808394599995,3.8123910661877865e-4
IND,MUS,0.19290424999999997,2356.4808394599995,8.186115786292794e-5
IND,MYS,47.1457987,2356.4808394599995,0.02000686698169959
IND,NGA,3.1195372999999997,2356.4808394599995,0.0013238118671547777
IND,NPL,6.206005299999999,2356.4808394599995,0.0026335903929616245
IND,QAT,5.51155,2356.4808394599995,0.002338890224655084
IND,SAU,551.155,2356.4808394599995,0.2338890224655084
IND,SGP,8.77659222,2356.4808394599995,0.0037244487937407563
IND,TWN,0.0551155,2356.4808394599995,2.338890224655084e-5
IND,TZA,5.20510782,2356.4808394599995,0.002208847928164262
IND,UGA,2.7447519,2356.4808394599995,0.0011647673318782319
IND,USA,106.39937044,2356.4808394599995,0.04515180800892147
IND,ZAF,1.0141252,2356.4808394599995,4.3035580133653553e-4
IRN,ARE,115.84175789999999,3543.3754949999993,0.03269248716752217
IRN,ARM,47.154617179999995,3543.3754949999993,0.013307823922849588
IRN,AZE,30.101881479999996,3543.3754949999993,0.008495255871830767
IRN,BTN,24.250819999999997,3543.3754949999993,0.006843988178565874
IRN,CHN,726.54023717,3543.3754949999993,0.2050418416550008
IRN,IND,2203.2421124999996,3543.3754949999993,0.6217918805412973
IRN,JOR,1.7857422,3543.3754949999993,5.039664022398508e-4
IRN,KOR,33.64139889,3543.3754949999993,0.009494167055529633
IRN,MYS,41.80620906,3543.3754949999993,0.011798413439104063
IRN,PAK,22.0021076,3543.3754949999993,0.006209363820189766
IRN,RUS,13.64439318,3543.3754949999993,0.0038506766215585637
IRN,TJK,10.251483,3543.3754949999993,0.0028931404573028473
IRN,TKM,21.737553199999997,3543.3754949999993,0.006134702130969047
IRN,UKR,13.878082899999999,3543.3754949999993,0.003916627780370198
IRQ,IRN,1.22907565,1.22907565,1
ISL,USA,1308.2622934699998,1868.9644003799997,0.6999931583522954
ISR,CHE,238.69861663999998,3262.83429307,0.07315683090219348
ISR,CHN,81.019785,3262.83429307,0.024831106247742818
ISR,GBR,5.07834217,3262.83429307,0.0015564204963721246
ISR,HKG,115.63342131,3262.83429307,0.03543956294550298
ISR,JOR,2.43830972,3262.83429307,7.472980546939743e-4
ISR,JPN,261.55280987,3262.83429307,0.0801612298931384
ISR,KOR,14.83047874,3262.83429307,0.004545274876967781
ISR,TUR,103.63147003,3262.83429307,0.03176118083903463
ISR,TWN,17.77585106,3262.83429307,0.0054479784945727985
ISR,USA,61.285129069999996,3262.83429307,0.018782789306881053
ISR,ZAF,1043.67151724,3262.83429307,0.3198665404052774
JAM,CRI,157.34703632999998,799.1504991799999,0.19689287123195462
JAM,TTO,40.37761529999999,799.1504991799999,0.050525671123813405
JAM,USA,601.42584755,799.1504991799999,0.752581457644232
JOR,IRQ,5.51155,377.37031694999996,0.014605149775810952
JOR,SAU,180.50877404999997,377.37031694999996,0.47833326030758444
JOR,YEM,191.3499929,377.37031694999996,0.5070615899166047
JPN,ARE,20.635243199999998,611321.9226574899,3.3755117287952175e-5
JPN,AUS,90.22076656999998,611321.9226574899,1.475830707621272e-4
JPN,BGD,31.966989999999996,611321.9226574899,5.229158126872933e-5
JPN,BRA,0.0440924,611321.9226574899,7.21263189913508e-8
JPN,CAN,83.72154680999998,611321.9226574899,1.3695165134280208e-4
JPN,CHE,136.49574037,611321.9226574899,2.232796425435499e-4
JPN,CHL,0.08487787,611321.9226574899,1.3884316405835028e-7
JPN,CHN,246296.75238750997,611321.9226574899,0.40289206596228117
JPN,GBR,135.16966143999997,611321.9226574899,2.2111044349988499e-4
JPN,HKG,322214.49445019994,611321.9226574899,0.5270782586194436
JPN,IDN,238.38335597999998,611321.9226574899,3.899473373107885e-4
JPN,IND,1342.9652168899997,611321.9226574899,0.0021968216206805875
JPN,KOR,4245.10383638,611321.9226574899,0.006944138070373827
JPN,LKA,11.931403439999999,611321.9226574899,1.9517381919059525e-5
JPN,MAC,119.50142709999999,611321.9226574899,1.954803560463085e-4
JPN,MEX,3.9826460299999997,611321.9226574899,6.514809762893761e-6
JPN,MMR,33.840917,611321.9226574899,5.535694982586174e-5
JPN,MYS,1194.29115564,611321.9226574899,0.001953620688831627
JPN,NZL,302.94455036999994,611321.9226574899,4.955564967358991e-4
JPN,PAK,83.77556,611321.9226574899,1.3704000608356651e-4
JPN,PHL,1744.97326465,611321.9226574899,0.0028544261214523297
JPN,SAU,203.75428732999998,611321.9226574899,3.333011295329564e-4
JPN,SGP,134.14230852,611321.9226574899,2.1942990026738656e-4
JPN,THA,506.60073210999997,611321.9226574899,8.286971452090998e-4
JPN,TUR,0.013227719999999998,611321.9226574899,2.1637895697405237e-8
JPN,TWN,28700.553357849996,611321.9226574899,0.046948346352581695
JPN,USA,2760.13794298,611321.9226574899,0.004515031836223619
JPN,VNM,438.56726122,611321.9226574899,7.174080381634203e-4
KAZ,CHN,1038.3396437699998,1056.9819104899998,0.9823627381557006
KAZ,RUS,18.64226672,1056.9819104899998,0.01763726184429944
KEN,CHN,17.62924383,596.45222483,0.02955684143021625
KEN,IND,547.28038035,596.45222483,0.9175594583555876
KEN,ISR,8.16260555,596.45222483,0.013685262976974385
KEN,TZA,11.0231,596.45222483,0.018481111380113956
KEN,UGA,12.3568951,596.45222483,0.02071732585710774
KGZ,CHN,62.83277230999999,62.83277230999999,1
KHM,CHN,23.006312009999995,23.006312009999995,1
KOR,AUS,930.4609733099999,48498.49400725999,0.019185358068452896
KOR,BOL,134.74416978,48498.49400725999,0.0027783165753524105
KOR,BRN,3.6508507199999993,48498.49400725999,7.527761005225202e-5
KOR,CAN,1965.71304677,48498.49400725999,0.04053142447012359
KOR,CHL,1.04058064,48498.49400725999,2.1455937164651547e-5
KOR,CHN,16031.950342979997,48498.49400725999,0.3305659417090372
KOR,ECU,14.018076269999998,48498.49400725999,2.890414755538916e-4
KOR,HKG,10255.294787979998,48498.49400725999,0.21145594307412574
KOR,IDN,12.05045292,48498.49400725999,2.484706621652232e-4
KOR,IND,235.87670303999997,48498.49400725999,0.004863588197288979
KOR,ISR,167.330658,48498.49400725999,0.003450223794061552
KOR,JPN,1278.69833927,48498.49400725999,0.026365732904584313
KOR,LBN,0.0033069299999999996,48498.49400725999,6.818624098935873e-8
KOR,LKA,30.037947499999998,48498.49400725999,6.193583556533417e-4
KOR,MEX,31.62637621,48498.49400725999,6.521104800752305e-4
KOR,MYS,7729.150802559999,48498.49400725999,0.15936888269980057
KOR,NGA,13.495581329999998,48498.49400725999,2.7826804947757294e-4
KOR,PER,174.18371926999998,48498.49400725999,0.003591528414138499
KOR,PHL,269.79588405,48498.49400725999,0.005562974471116831
KOR,RUS,361.48713215999993,48498.49400725999,0.00745357437502878
KOR,SGP,1.6788181299999998,48498.49400725999,3.461588167559778e-5
KOR,SYR,0.00440924,48498.49400725999,9.091498798581164e-8
KOR,THA,0.34061378999999997,48498.49400725999,7.023182821903949e-6
KOR,TUR,73.75005055,48498.49400725999,0.001520666817797682
KOR,TWN,463.90165195,48498.49400725999,0.009565279529722224
KOR,URY,58.85784245,48498.49400725999,0.001213601445875603
KOR,USA,176.25606206999998,48498.49400725999,0.0036342584584918305
KOR,VNM,7819.993271969999,48498.49400725999,0.16124198146852525
KOR,ZAF,2.7227057,48498.49400725999,5.614000508123869e-5
KWT,HKG,1227.6977625,1939.3050061,0.6330606885654035
KWT,IND,711.6072435999998,1939.3050061,0.36693931143459646
LAO,VNM,4.897563329999999,4.897563329999999,1
LBN,CHN,1826.7150626999999,2105.60059501,0.8675506014906519
LBN,CIV,13.24756158,2105.60059501,0.006291583318980343
LBN,JOR,2.6455439999999997,2105.60059501,0.0012564320157724099
LBN,MAR,17.60940225,2105.60059501,0.008363125604985104
LBN,SDN,0.16534649999999998,2105.60059501,7.852700098577562e-5
LCA,CHN,20.000312639999997,20.000312639999997,1
LKA,HKG,23.413064399999996,155.51609942,0.15055074353921832
LKA,KOR,19.251844149999997,155.51609942,0.12379325498646176
LKA,NZL,85.37721642999999,155.51609942,0.5489927843381863
LKA,SAU,27.473974439999996,155.51609942,0.1766632171361336
MAC,CHN,1580.17681734,1836.68435434,0.8603420689059149
MAC,HKG,239.97288699999996,1836.68435434,0.13065548603000574
MAC,TWN,16.53465,1836.68435434,0.009002445064079403
MAR,HKG,17.416498,929.7246302299999,0.01873296396987076
MAR,MRT,9.260506309999998,929.7246302299999,0.00996048293106862
MAR,MYS,417.22433499999994,929.7246302299999,0.44876119383519497
MAR,SEN,60.62705,929.7246302299999,0.0652096847052463
MAR,SGP,157.40104952,929.7246302299999,0.16929856906239144
MAR,THA,24.691743999999996,929.7246302299999,0.026558126134500308
MAR,USA,16.53465,929.7246302299999,0.017784459465067175
MDV,LKA,47.28909899999999,47.28909899999999,1
MEX,ARG,49.60064307,158207.28236092997,3.13516813700411e-4
MEX,AUS,2.0999005499999996,158207.28236092997,1.327309665309427e-5
MEX,BRA,38.6139193,158207.28236092997,2.4407169331122958e-4
MEX,CAN,400.92557933999996,158207.28236092997,0.0025341790425635327
MEX,CHL,351.76365565,158207.28236092997,0.0022234352957754217
MEX,CHN,28270.999685499995,158207.28236092997,0.17869594410327633
MEX,COL,200.14642669999998,158207.28236092997,0.0012650898474027962
MEX,CRI,0.47619791999999994,158207.28236092997,3.0099620756623227e-6
MEX,ECU,8.69171435,158207.28236092997,5.493877538564217e-5
MEX,GBR,23.158430789999997,158207.28236092997,1.4638030844349478e-4
MEX,GTM,111.05332325999998,158207.28236092997,7.019482390617508e-4
MEX,HKG,14310.753905029998,158207.28236092997,0.09045572170553956
MEX,IDN,106.92406999999999,158207.28236092997,6.758479660630678e-4
MEX,IND,272.15482744999997,158207.28236092997,0.0017202420987746509
MEX,JPN,263.22832107,158207.28236092997,0.001663819244865592
MEX,KOR,395.62016130999996,158207.28236092997,0.002500644441938156
MEX,RUS,35.18904213,158207.28236092997,2.2242365588279707e-4
MEX,SLV,6.140969009999999,158207.28236092997,3.881596926739537e-5
MEX,THA,14.05996405,158207.28236092997,8.887052378489104e-5
MEX,TWN,1055.8145642,158207.28236092997,0.006673615452108533
MEX,USA,110902.69259849998,158207.28236092997,0.7009961295301784
MNG,CHN,579.5615286999999,579.5615286999999,1
MUS,CHN,47.47538939,54.240265859999994,0.8752794374669756
MUS,HKG,6.764876469999999,54.240265859999994,0.12472056253302442
MYS,AUS,94.03034992999999,152807.29164448,6.153525065333277e-4
MYS,BRN,2.09218438,152807.29164448,1.3691652783609675e-5
MYS,CHN,37712.022485719994,152807.29164448,0.24679465279353574
MYS,CMR,805.237455,152807.29164448,0.0052696271646084656
MYS,GBR,45.718307249999995,152807.29164448,2.991893041097003e-4
MYS,HKG,26828.82215937,152807.29164448,0.17557291848212117
MYS,IDN,7178.998904659999,152807.29164448,0.04698073519529808
MYS,IND,529.5519286199999,152807.29164448,0.003465488609352821
MYS,JPN,48.58100632,152807.29164448,3.1792335167505037e-4
MYS,KEN,23.148509999999998,152807.29164448,1.514882552454179e-4
MYS,KOR,102.99984639999998,152807.29164448,6.74050598577707e-4
MYS,MMR,64.0662572,152807.29164448,4.1926178070779467e-4
MYS,PHL,3498.8994911199998,152807.29164448,0.022897464207797796
MYS,PNG,0.03086468,152807.29164448,2.0198434032722387e-7
MYS,SAU,1.4274914499999998,152807.29164448,9.341775740134102e-6
MYS,SGP,1253.0839617999998,152807.29164448,0.008200419942756483
MYS,THA,71990.24019274999,152807.29164448,0.47111783356675024
MYS,TWN,707.0293501699999,152807.29164448,0.00462693463486656
MYS,USA,728.67871857,152807.29164448,0.0047686122221532274
MYS,VNM,196.53856606999997,152807.29164448,0.0012861857831186797
MYS,ZAF,3.1537089099999998,152807.29164448,2.0638471345578122e-5
NAM,ZAF,62.16146551999999,62.16146551999999,1
NGA,IND,388.93795808999994,392.42125768999995,0.9911235705718274
NGA,NER,2.1605276,392.42125768999995,0.00550563344279057
NIC,CHN,66.1386,428.3686890999999,0.15439643858881658
NIC,CRI,13.204571489999998,428.3686890999999,0.030825248964257226
NIC,GTM,318.89938530999996,428.3686890999999,0.7444507346697203
NIC,SLV,30.126132299999995,428.3686890999999,0.07032757777720594
NOR,CAN,64.55898977,23898.7973015,0.0027013488986723185
NOR,CHE,116.44361915999998,23898.7973015,0.004872363144093926
NOR,CHN,673.47944301,23898.7973015,0.028180474293898014
NOR,GBR,869.62999596,23898.7973015,0.036388023421807004
NOR,HKG,768.15133736,23898.7973015,0.0321418407658442
NOR,ISL,0.551155,23898.7973015,2.30620391916294e-5
NOR,USA,596.3386869,23898.7973015,0.02495266516455918
NPL,IND,2.34130644,2.34130644,1
NZL,AUS,2754.4191586999996,11481.572775199997,0.23989911596863267
NZL,CHN,300.83252440999996,11481.572775199997,0.026201334111629126
NZL,FJI,0.6613859999999999,11481.572775199997,5.7604129063971315e-5
NZL,GBR,9.4357736,11481.572775199997,8.218189079793241e-4
NZL,HKG,8260.358400799998,11481.572775199997,0.7194448498068342
NZL,TWN,152.83307688,11481.572775199997,0.013311162144102492
NZL,WSM,3.03245481,11481.572775199997,2.641149317583085e-4
OMN,HKG,130.85522009999997,140.80907939999997,0.9293095349929544
OMN,SDN,6.145378249999999,140.80907939999997,0.0436433380303742
OMN,USA,3.8084810499999997,140.80907939999997,0.027047126976671367
PAK,BRA,11.0231,486.48026767999994,0.022658884095276076
PAK,CHN,377.94682507999994,486.48026767999994,0.7769006271979118
PAK,HKG,12.577357099999999,486.48026767999994,0.025853786752710002
PAK,LKA,42.3838195,486.48026767999994,0.08712340934633653
PAK,TWN,42.549166,486.48026767999994,0.08746329260776567
PAN,CHL,44.0924,1880.9046222999998,0.02344212432530636
PAN,CHN,12.434056799999999,1880.9046222999998,0.006610679059736393
PAN,CRI,940.4997104799999,1880.9046222999998,0.5000252002836497
PAN,ECU,284.40038924,1880.9046222999998,0.15120404611065855
PAN,HKG,41.88778,1880.9046222999998,0.022270018109041043
PAN,HND,0.00440924,1880.9046222999998,2.344212432530636e-6
PAN,ISR,105.82175999999998,1880.9046222999998,0.05626109838073526
PAN,NIC,169.8218786,1880.9046222999998,0.09028734183891744
PAN,PER,52.91087999999999,1880.9046222999998,0.02813054919036763
PAN,USA,52.91087999999999,1880.9046222999998,0.02813054919036763
PER,BRA,59.57213932999999,183.94026508,0.32386676894311667
PER,TWN,27.0396643,183.94026508,0.14700242107534098
PER,USA,97.32846144999999,183.94026508,0.5291308099815423
PHL,AUS,67.66309473,21631.018245429997,0.00312805869618714
PHL,CAN,39.683159999999994,21631.018245429997,0.001834548866343076
PHL,CHN,2642.91609296,21631.018245429997,0.12218176985350057
PHL,HKG,13933.710974149999,21631.018245429997,0.644154187105537
PHL,HND,22.0462,21631.018245429997,0.0010191938146350422
PHL,IDN,28.108904999999996,21631.018245429997,0.0012994721136596788
PHL,IND,5.952474,21631.018245429997,2.751823299514614e-4
PHL,JPN,5.14889001,21631.018245429997,2.3803271540801413e-4
PHL,KOR,842.8350444799999,21631.018245429997,0.038964187211023515
PHL,MAC,1071.1587193999999,21631.018245429997,0.049519569871672796
PHL,MYS,252.56898336999998,21631.018245429997,0.011676241058294167
PHL,SGP,107.35617551999998,21631.018245429997,0.004963066199746801
PHL,TWN,1941.2329462899997,21631.018245429997,0.08974302200036864
PHL,TZA,41.988090209999996,21631.018245429997,0.0019411055796631697
PHL,USA,260.66655263,21631.018245429997,0.012050590946409619
PHL,ZAF,236.225033,21631.018245429997,0.010920661723814479
PNG,AUS,205.89276873,320.70496909,0.6420005568177521
PNG,NZL,16.9094354,320.70496909,0.05272582912569301
PNG,SGP,70.9116023,320.70496909,0.22111164195931104
PNG,TWN,26.991162659999997,320.70496909,0.08416197209724374
PRY,BRA,3106.2324182999996,3624.6477089899995,0.8569749856229599
PRY,CHL,154.24734061,3624.6477089899995,0.042555126178864075
PRY,CHN,120.11651608,3624.6477089899995,0.033138811195935564
PRY,USA,244.05143399999997,3624.6477089899995,0.06733107700224042
PYF,HKG,30.390686699999996,185.51326145,0.16381948364479038
PYF,IND,87.0053283,185.51326145,0.4689978906087525
PYF,JPN,14.881184999999999,185.51326145,0.08021628687720966
QAT,ARE,136.60817598999998,314.31046877999995,0.43462814496840124
QAT,HKG,159.2948181,314.31046877999995,0.5068072301832797
QAT,IND,17.63696,314.31046877999995,0.056113180284634114
QAT,OMN,0.7705146899999998,314.31046877999995,0.0024514445636849526
RUS,ARM,10.345179349999999,3356.5251315199994,0.0030821099037370214
RUS,AZE,22.2335927,3356.5251315199994,0.006623991130354366
RUS,BLR,1309.5497915499998,3356.5251315199994,0.39015045031316997
RUS,CHN,471.87025093999995,3356.5251315199994,0.14058296376476523
RUS,KAZ,13.60801695,3356.5251315199994,0.0040541978435411335
RUS,KGZ,5.51155,3356.5251315199994,0.001642040438858296
RUS,KOR,0.03527392,3356.5251315199994,1.0509058808693096e-5
RUS,TZA,0.1433003,3356.5251315199994,4.2693051410315694e-5
RUS,USA,898.1566764499998,3356.5251315199994,0.267585267875909
RUS,UZB,422.6366771,3356.5251315199994,0.12591494493253186
SAU,ARE,347.22765,17845.2304514,0.0194577285480087
SAU,BHR,63.382825,17845.2304514,0.0035518075920968266
SAU,CHN,1635.1666539999999,17845.2304514,0.09163045881941621
SAU,ETH,0.054013189999999996,17845.2304514,3.026757774134687e-6
SAU,HKG,3697.8289675799997,17845.2304514,0.20721665532147257
SAU,IND,949.2873257999998,17845.2304514,0.05319557673325122
SAU,JOR,176.01245155999996,17845.2304514,0.009863277027402657
SAU,KOR,134.19521939999998,17845.2304514,0.00751994880455422
SAU,KWT,251.32667999999998,17845.2304514,0.014083689234749156
SAU,LBN,18.220081989999997,17845.2304514,0.0010210056989524946
SAU,MYS,485.18395111999996,17845.2304514,0.02718843852654961
SAU,OMN,193.24817072,17845.2304514,0.01082912161018572
SAU,PAK,7360.123869999999,17845.2304514,0.4124420746509654
SAU,PHL,719.3145951199999,17845.2304514,0.04030850691892119
SAU,SDN,1.763696,17845.2304514,9.88329069105204e-5
SAU,SGP,308.7019155,17845.2304514,0.017298847237682023
SAU,TWN,265.35908629999994,17845.2304514,0.014870028550355982
SAU,TZA,37.79931221,17845.2304514,0.0021181745067929093
SAU,YEM,132.2772,17845.2304514,0.007412468018289029
SGP,AUS,582.7185445399999,45410.32844986,0.012832290900150855
SGP,BGD,1.10231,45410.32844986,2.4274433540314954e-5
SGP,BRN,0.55225731,45410.32844986,1.2161491203697794e-5
SGP,CAN,903.9206554399999,45410.32844986,0.01990561808946323
SGP,CHN,9910.10420686,45410.32844986,0.2182345855040948
SGP,GBR,45.91121149999999,45410.32844986,0.0010110301569541179
SGP,GTM,17.857421999999996,45410.32844986,3.932458233531022e-4
SGP,HKG,15758.595099939997,45410.32844986,0.3470266707570705
SGP,IDN,232.88503369999995,45410.32844986,0.0051284595740623395
SGP,IND,82.07910491,45410.32844986,0.001807498595845392
SGP,JPN,45.23770009,45410.32844986,9.961984780609853e-4
SGP,KOR,179.50456963999997,45410.32844986,0.003952945855439048
SGP,LKA,55.0273152,45410.32844986,0.0012117797223325226
SGP,MMR,179.72062239999997,45410.32844986,0.00395770364441295
SGP,MYS,12882.864521119998,45410.32844986,0.283698994499559
SGP,NZL,402.0554470899999,45410.32844986,0.008853832615060935
SGP,PAK,458.8916529999999,45410.32844986,0.010105446682833114
SGP,PHL,1826.2631155999998,45410.32844986,0.0402169105122522
SGP,THA,76.62377271999999,45410.32844986,0.001687364424254373
SGP,TWN,818.63382843,45410.32844986,0.018027480892015522
SGP,USA,735.1106974199998,45410.32844986,0.016188182788232315
SGP,VNM,206.40424056999996,45410.32844986,0.004545314857123354
SLV,CHN,239.17701918,1423.11968854,0.16806528720390013
SLV,COL,155.43011923999998,1423.11968854,0.10921788272036212
SLV,GTM,257.58559618,1423.11968854,0.18100065528870657
SLV,HKG,149.17671460999998,1423.11968854,0.10482373043622398
SLV,HND,65.32840214999999,1423.11968854,0.045905065242278664
SLV,MEX,16.354973469999997,1423.11968854,0.011492338699058273
SLV,NIC,65.29974209,1423.11968854,0.04588492634585921
SLV,USA,474.76712161999995,1423.11968854,0.333610114063611
TGO,CIV,48.95468941,49.07594351,0.9975292558567866
TGO,NER,0.12125409999999999,49.07594351,0.002470744143213315
THA,ARE,18.08339555,50238.538843899994,3.5995066668217203e-4
THA,AUS,0.00110231,50238.538843899994,2.194152189467675e-8
THA,BGD,148.41171147,50238.538843899994,0.0029541406833335933
THA,BRN,0.00440924,50238.538843899994,8.7766087578707e-8
THA,CAN,0.40124083999999993,50238.538843899994,7.986713969662335e-6
THA,CHE,28.660059999999998,50238.538843899994,5.704795692615954e-4
THA,CHN,27995.97774974,50238.538843899994,0.557260987162235
THA,GBR,14.342155409999998,50238.538843899994,2.8548114137163914e-4
THA,HKG,15937.13845526,50238.538843899994,0.3172293387110541
THA,IDN,227.44403153999997,50238.538843899994,0.004527281978616232
THA,IND,838.46879457,50238.538843899994,0.016689752804620185
THA,ISR,0.00220462,50238.538843899994,4.38830437893535e-8
THA,JPN,122.35200075999998,50238.538843899994,0.00243542116422154
THA,KHM,11.450796279999999,50238.538843899994,2.2792852944190204e-4
THA,KOR,0.7054784,50238.538843899994,1.4042574012593117e-5
THA,KWT,6.10128585,50238.538843899994,1.214463236870358e-4
THA,LAO,0.03858085,50238.538843899994,7.679532663136861e-7
THA,MAC,52.172332299999994,50238.538843899994,0.0010384922312750503
THA,MDV,1.5255970399999998,50238.538843899994,3.0367066302232617e-5
THA,MMR,390.35222181999995,50238.538843899994,0.007769975616386719
THA,MNP,0.016534649999999998,50238.538843899994,3.2912282842015117e-7
THA,MYS,1094.11652977,50238.538843899994,0.021778430562433615
THA,NOR,0.50044874,50238.538843899994,9.961450940183242e-6
THA,PAK,409.7616963,50238.538843899994,0.008156321933908188
THA,PHL,50.78231938999999,50238.538843899994,0.0010108239721658629
THA,QAT,0.06172936,50238.538843899994,1.2287252261018979e-6
THA,SAU,457.45865,50238.538843899994,0.00910573158629085
THA,SGP,241.35408142999998,50238.538843899994,0.004804162043405158
THA,TWN,1577.98873199,50238.538843899994,0.03140992489636471
THA,UGA,0.40785469999999996,50238.538843899994,8.118363101030396e-6
THA,USA,310.93740017999994,50238.538843899994,0.006189220613006627
THA,VNM,6.613859999999999,50238.538843899994,1.3164913136806046e-4
THA,ZAF,246.98027166999995,50238.538843899994,0.004916151571155587
TTO,CAN,72.96630814,437.86068050999995,0.1666427505091624
TTO,CHL,24.6035592,437.86068050999995,0.05619038268369497
TTO,DMA,0.68673913,437.86068050999995,0.0015683964342267907
TTO,DOM,0.00110231,437.86068050999995,2.5174902636064057e-6
TTO,ECU,2.9619069699999994,437.86068050999995,0.006764496338310411
TTO,GRD,0.033069299999999996,437.86068050999995,7.552470790819217e-5
TTO,GTM,26.999981139999996,437.86068050999995,0.06166340651677529
TTO,GUY,0.37037616,437.86068050999995,8.458767285717524e-4
TTO,ISR,26.999981139999996,437.86068050999995,0.06166340651677529
TTO,JAM,0.17416498,437.86068050999995,3.977634616498121e-4
TTO,KNA,3.6894315699999995,437.86068050999995,0.008426039912290639
TTO,LCA,0.5434388299999999,437.86068050999995,0.0012411226999579578
TTO,SUR,0.17306266999999997,437.86068050999995,3.9524597138620565e-4
TTO,USA,185.02052887999997,437.86068050999995,0.4225557057658079
TTO,VCT,0.9402704299999999,437.86068050999995,0.0021474191948562637
TUN,CHE,28.0317433,591.67481329,0.047376941979547615
TUN,CHN,342.12175007999997,591.67481329,0.5782259822378386
TUN,HKG,97.69883761,591.67481329,0.1651225223983203
TUR,ARM,0.38580849999999994,7038.1710859899995,5.4816584491385886e-5
TUR,AZE,56.768964999999994,7038.1710859899995,0.008065868860875352
TUR,CHN,4825.76657277,7038.1710859899995,0.6856563322787145
TUR,DOM,11.190651119999998,7038.1710859899995,0.0015899941878758557
TUR,DZA,10.1522751,7038.1710859899995,0.0014424592661876118
TUR,HKG,173.76484147,7038.1710859899995,0.024688919798481708
TUR,IND,416.14296888999996,7038.1710859899995,0.05912657760172431
TUR,IRN,66.88706848999999,7038.1710859899995,0.009503472943865155
TUR,ISR,79.36962693,7038.1710859899995,0.011277024380380737
TUR,KAZ,12.080215289999998,7038.1710859899995,0.0017163855698317083
TUR,KOR,73.84925845,7038.1710859899995,0.010492677365715422
TUR,MKD,1.0692407,7038.1710859899995,1.5192024844755517e-4
TUR,TWN,27.514759909999995,7038.1710859899995,0.003909362187112808
TUR,UKR,27.96450239,7038.1710859899995,0.003973262662748482
TUR,USA,59.638277929999994,7038.1710859899995,0.008473547630678431
TUR,UZB,0.13889105999999998,7038.1710859899995,1.973397041689892e-5
TWN,ARE,40.99490889999999,161161.32104215,2.5437188423938406e-4
TWN,AUS,875.9914269699998,161161.32104215,0.005435494207328405
TWN,BGD,0.99318131,161161.32104215,6.162653070709468e-6
TWN,BRA,0.8542902499999999,161161.32104215,5.3008392117645245e-6
TWN,BRB,0.006613859999999999,161161.32104215,4.1038755187854384e-8
TWN,CAN,4.3871937999999995,161161.32104215,2.7222374274610075e-5
TWN,CHE,0.00110231,161161.32104215,6.839792531309065e-9
TWN,CHN,49165.93830302,161161.32104215,0.305072817628252
TWN,ECU,11.01869076,161161.32104215,6.837056614296542e-5
TWN,FJI,0.03086468,161161.32104215,1.915141908766538e-7
TWN,GTM,8.598018,161161.32104215,5.335038174421071e-5
TWN,HKG,101059.63088583999,161161.32104215,0.6270712490586308
TWN,IDN,900.25767931,161161.32104215,0.005586065400112645
TWN,IND,500.13017240999994,161161.32104215,0.0031032891091727667
TWN,JPN,330.51773270999996,161161.32104215,0.0020508502323802412
TWN,KOR,1577.37805225,161161.32104215,0.00978757211748999
TWN,LKA,6.60724614,161161.32104215,4.0997716432666536e-5
TWN,MAC,0.11243561999999999,161161.32104215,6.976588381935246e-7
TWN,MEX,412.75997949999993,161161.32104215,0.002561160313348679
TWN,MMR,0.32077220999999995,161161.32104215,1.9903796266109374e-6
TWN,MOZ,4.56466571,161161.32104215,2.8323580872150838e-5
TWN,MYS,1151.32421415,161161.32104215,0.007143923906213722
TWN,NGA,1107.43684381,161161.32104215,0.006871604406372183
TWN,PAK,53.561242899999996,161161.32104215,3.3234551909630745e-4
TWN,PHL,280.56214581999996,161161.32104215,0.0017408776746538456
TWN,SGP,87.74608062,161161.32104215,5.444611650772642e-4
TWN,SLV,17.940095249999995,161161.32104215,1.11317623447055e-4
TWN,THA,213.02581673999998,161161.32104215,0.001321817265845602
TWN,URY,16.70771267,161161.32104215,1.036707353970515e-4
TWN,USA,1938.32725713,161161.32104215,0.01202724850228208
TWN,VNM,401.34555945,161161.32104215,0.002490334261686974
TWN,WSM,0.07165015,161161.32104215,4.445865145350892e-7
TWN,ZAF,202.44584536,161161.32104215,0.0012561689371300975
TZA,ETH,0.9413727399999999,0.9413727399999999,1
UKR,CHN,45.776729679999995,572.9719195199999,0.07989349585988242
UKR,HKG,21.590945969999996,572.9719195199999,0.03768238064456552
UKR,ISR,114.71629938999999,572.9719195199999,0.20021277741865978
UKR,RUS,57.52625196999999,572.9719195199999,0.10039977529473328
UKR,USA,261.07440733,572.9719195199999,0.45564956751931546
URY,BRA,314.77123435999994,2781.6473180099997,0.11316000857548986
URY,CHL,249.4637761,2781.6473180099997,0.08968202923671403
URY,CHN,2024.9699254399998,2781.6473180099997,0.7279750787704713
URY,HKG,55.3469851,2781.6473180099997,0.01989719715423716
URY,ISR,25.353129999999997,2781.6473180099997,0.009114430084593799
URY,USA,105.1273047,2781.6473180099997,0.03779318248555264
USA,ABW,18.968550479999998,854189.9298692099,2.220647869602535e-5
USA,ARE,668.5388895899999,854189.9298692099,7.826583599415225e-4
USA,ARG,177.10484076999998,854189.9298692099,2.0733660580278388e-4
USA,ARM,0.00220462,854189.9298692099,2.580948244540371e-9
USA,AUS,985.6822950699999,854189.9298692099,0.001153938088711633
USA,BGD,84.35427274999999,854189.9298692099,9.875353220672595e-5
USA,BHR,34.062481309999995,854189.9298692099,3.9876940852271e-5
USA,BLZ,619.10469533,854189.9298692099,7.247857574541939e-4
USA,BMU,421.82317231999997,854189.9298692099,4.938283133173765e-4
USA,BOL,366.32406843999996,854189.9298692099,4.288555222093171e-4
USA,BRA,1207.04378003,854189.9298692099,0.001413085940049443
USA,BRB,19.314675819999998,854189.9298692099,2.261168757041819e-5
USA,CAN,179468.28600403998,854189.9298692099,0.21010349072075743
USA,CHE,125.55751823999998,854189.9298692099,1.469901644230632e-4
USA,CHL,3214.11770262,854189.9298692099,0.0037627670266636515
USA,CHN,171296.41443618,854189.9298692099,0.20053668211987494
USA,CIV,287.42512788,854189.9298692099,3.3648854643370636e-4
USA,COL,7369.215722879999,854189.9298692099,0.008627139544958513
USA,CRI,433.84937441999995,854189.9298692099,5.079073859913441e-4
USA,CYM,31.858963619999997,854189.9298692099,3.72972830818529e-5
USA,DMA,4.45002547,854189.9298692099,5.209644031604739e-6
USA,DOM,857.96535154,854189.9298692099,0.0010044198854830427
USA,ECU,918.3157217300001,854189.9298692099,0.0010750720532032132
USA,EGY,581.0022478699999,854189.9298692099,6.801792289438024e-4
USA,GBR,4855.58295596,854189.9298692099,0.005684430108773897
USA,GRD,6.243483839999999,854189.9298692099,7.3092454285383295e-6
USA,GTM,1396.5981099399999,854189.9298692099,0.001634997160589146
USA,GUY,36.648500569999996,854189.9298692099,4.290439314311686e-5
USA,HKG,337433.81965655996,854189.9298692099,0.3950337130621833
USA,HND,916.6280851199998,854189.9298692099,0.001073096337322017
USA,HTI,167.04075046999998,854189.9298692099,1.9555457706645708e-4
USA,IDN,728.1727582799999,854189.9298692099,8.524717194822172e-4
USA,IND,23144.22973027,854189.9298692099,0.02709494565665712
USA,ISL,66.85730611999999,854189.9298692099,7.826983646393129e-5
USA,ISR,253.69003263999997,854189.9298692099,2.9699487639574956e-4
USA,JAM,418.67056571999996,854189.9298692099,4.901375573276837e-4
USA,JPN,2614.8314387799996,854189.9298692099,0.003061182703453753
USA,KAZ,239.95304541999997,854189.9298692099,2.809129878840185e-4
USA,KEN,16.08931676,854189.9298692099,1.883576028865563e-5
USA,KOR,9046.09709421,854189.9298692099,0.010590264270143177
USA,KWT,98.31833583,854189.9298692099,1.1510125838764466e-4
USA,LCA,0.06724090999999999,854189.9298692099,7.87189214584813e-8
USA,MAR,35.01487715,854189.9298692099,4.0991910493912444e-5
USA,MEX,32050.387467669996,854189.9298692099,0.03752138294650397
USA,MOZ,171.10386513,854189.9298692099,2.0031126468114503e-4
USA,MRT,28.91469361,854189.9298692099,3.385042670126924e-5
USA,MYS,4407.65818515,854189.9298692099,0.0051600446587152845
USA,NGA,405.45827806,854189.9298692099,4.746699344981533e-4
USA,NIC,305.9296058499999,854189.9298692099,3.5815173552425583e-4
USA,NOR,5.8157875599999995,854189.9298692099,6.808541469097498e-6
USA,NZL,30.101881479999996,854189.9298692099,3.524026733095422e-5
USA,PAK,347.82179508999997,854189.9298692099,4.0719491406701207e-4
USA,PAN,2344.5240828899996,854189.9298692099,0.0027447339296647806
USA,PER,362.9355675,854189.9298692099,4.248886047574586e-4
USA,PHL,2106.64007334,854189.9298692099,0.0024662431617082634
USA,PNG,0.0220462,854189.9298692099,2.580948244540371e-8
USA,PRY,171.14134367,854189.9298692099,2.003551408013022e-4
USA,PYF,31.904158329999998,854189.9298692099,3.7350192520865975e-5
USA,RUS,460.1405702299999,854189.9298692099,5.386864842816103e-4
USA,SAU,594.65656184,854189.9298692099,6.961643318963633e-4
USA,SGP,2387.21324226,854189.9298692099,0.002794710120997938
USA,SLV,1596.4116390199997,854189.9298692099,0.0018689188237848177
USA,THA,1003.0458821899999,854189.9298692099,0.001174265637085633
USA,TTO,14.8150464,854189.9298692099,1.7343972203311294e-5
USA,TUN,0.6503628999999999,854189.9298692099,7.613797321394093e-7
USA,TUR,207.85267590999996,854189.9298692099,2.4333309096938842e-4
USA,TWN,20725.451841159997,854189.9298692099,0.024263282809167973
USA,TZA,19.13499929,854189.9298692099,2.240134028848815e-5
USA,UKR,0.00220462,854189.9298692099,2.580948244540371e-9
USA,URY,138.67721185999997,854189.9298692099,1.6234938742632293e-4
USA,VCT,11.51032102,854189.9298692099,1.3475130784745276e-5
USA,VNM,196.46360898999998,854189.9298692099,2.299999123380929e-4
USA,WSM,0.02755775,854189.9298692099,3.226185305675464e-8
USA,YEM,158.96853434,854189.9298692099,1.8610443506907254e-4
USA,ZAF,668.1839457699999,854189.9298692099,7.822428272741515e-4
VCT,CAN,5.180857,5.180857,1
VNM,CHN,2553.6179598599997,4257.775992139999,0.599753947735641
VNM,GBR,0.025353129999999998,4257.775992139999,5.9545476433712686e-6
VNM,HKG,164.52086981,4257.775992139999,0.03864009523133936
VNM,IND,0.06613859999999999,4257.775992139999,1.553360254792505e-5
VNM,JPN,565.16646241,4257.775992139999,0.13273748159915333
VNM,KHM,25.18998812,4257.775992139999,0.005916231423753054
VNM,MYS,32.52034962,4257.775992139999,0.0076378723728147465
VNM,SGP,82.84631266999999,4257.775992139999,0.019457649444906713
VNM,TWN,749.6159947099999,4257.775992139999,0.17605811017155829
VNM,USA,12.29737036,4257.775992139999,0.0028882145004108643
VNM,ZAF,68.22968207,4257.775992139999,0.01602472328181528
ZAF,ARE,122.54931424999998,3672.2697056099996,0.03337154514081186
ZAF,AUS,154.74007317999997,3672.2697056099996,0.04213744784148313
ZAF,BWA,549.83443262,3672.2697056099996,0.14972604865596797
ZAF,CAN,0.07605939,3672.2697056099996,2.071182023580858e-5
ZAF,CHE,22.0462,3672.2697056099996,0.006003426155306834
ZAF,CHN,402.11827875999995,3672.2697056099996,0.10950129238756558
ZAF,CMR,22.4209854,3672.2697056099996,0.00610548439994705
ZAF,COD,0.24691744,3672.2697056099996,6.723837293943654e-5
ZAF,GBR,0.7727193099999999,3672.2697056099996,2.1042008674350453e-4
ZAF,HKG,1195.8850959,3672.2697056099996,0.32565285008154155
ZAF,IND,160.74104881999997,3672.2697056099996,0.04377158044095765
ZAF,IRN,15.658313549999999,3672.2697056099996,0.004263933426806679
ZAF,KEN,0.3251814499999999,3672.2697056099996,8.855053579077578e-5
ZAF,LBN,1.1695509099999999,3672.2697056099996,3.184817575390275e-4
ZAF,MOZ,5.501629209999999,3672.2697056099996,0.0014981549970568202
ZAF,MUS,2.5915308099999996,3672.2697056099996,7.057027445563183e-4
ZAF,NAM,18.42841858,3672.2697056099996,0.0050182639232209825
ZAF,NGA,252.58000646999997,3672.2697056099996,0.0687803529474271
ZAF,NZL,0.27006594999999994,3672.2697056099996,7.354197040250871e-5
ZAF,PAK,0.033069299999999996,3672.2697056099996,9.00513923296025e-6
ZAF,SDN,0.057320119999999995,3672.2697056099996,1.5608908003797768e-5
ZAF,TWN,282.74251499999997,3672.2697056099996,0.07699394044181014
ZAF,TZA,0.8642110399999999,3672.2697056099996,2.3533430528802787e-4
ZAF,UGA,1.7162966699999997,3672.2697056099996,4.6736672619063696e-4
ZAF,USA,1.01081827,3672.2697056099996,2.7525708922081834e-4
ZAF,ZWE,183.30202759,3672.2697056099996,0.04991518659699091
ZWE,BWA,72.53089569,124.08924131999999,0.5845059162136234
ZWE,ZAF,51.55834563,124.08924131999999,0.41549408378637676
AND,EU,117.92843073,117.92843073,1
ARE,EU,161.929339,11144.418033979999,0.014530084792787541
ARG,EU,9.259404,1576.6813923299999,0.0058727172433465265
AUS,EU,26.708971299999998,53864.81797168999,4.958518807960619e-4
BIH,EU,125.29516845999999,125.29516845999999,1
BLR,EU,68.52951039,1175.1197801199999,0.05831704269585349
BRA,EU,19.60568566,5361.6689092999995,0.003656638630929497
CAN,EU,890.6091598799999,147803.50421132997,0.00602562953180463
CHE,EU,64469.75998012,66433.49878968,0.9704405330844165
CHL,EU,74.80606352999999,898.2702143799999,0.08327790717365854
CHN,EU,105.38524523999999,47917.926069529996,0.0021992864442230576
CRI,EU,54.233652,1537.0919286799997,0.035283284615627346
CUB,EU,43.75509313999999,81.89501913999999,0.5342827146202923
DZA,EU,196.94862538999996,196.94862538999996,1
GBR,EU,31441.567324639997,133380.94741224,0.23572757529951907
HKG,EU,534.7449110299999,1440806.33626556,3.711428091134097e-4
HND,EU,45.08888824,1398.3397597399999,0.03224458714410266
IDN,EU,2585.42952415,19155.88365526,0.13496790702422484
IND,EU,681.0842796999998,2356.4808394599995,0.2890260206215273
IRN,EU,237.49709873999996,3543.3754949999993,0.06702566495566963
ISL,EU,560.7021069099999,1868.9644003799997,0.3000068416477047
ISR,EU,1317.21856222,3262.83429307,0.4037037875376225
JPN,EU,246.87444990999995,611321.9226574899,4.0383706319054784e-4
KOR,EU,260.37884971999995,48498.49400725999,0.0053688027855261335
LBN,EU,245.21767797999996,2105.60059501,0.11645973056862448
MAR,EU,226.5687974,929.7246302299999,0.24369451989666047
MDA,EU,8.66195198,8.66195198,1
MEX,EU,1387.1744617499999,158207.28236092997,0.008768082233947589
MKD,EU,345.75055460000004,345.75055460000004,1
MYS,EU,992.9399041099999,152807.29164448,0.006497987716582037
NER,EU,0.013227719999999998,0.013227719999999998,1
NGA,EU,1.3227719999999998,392.42125768999995,0.0033707959853819815
NOR,EU,20809.644074339998,23898.7973015,0.8707402222719337
PAN,EU,176.12047793999997,1880.9046222999998,0.09363604929878745
PHL,EU,131.75690967999998,21631.018245429997,0.006091109913784866
PYF,EU,53.236061449999994,185.51326145,0.28696633886924744
RUS,EU,202.43482225999998,3356.5251315199994,0.060310831686914125
SAU,EU,1068.75678591,17845.2304514,0.059890332535669416
SGP,EU,8.265120379999999,45410.32844986,1.8200970268528153e-4
THA,EU,47.92513187,50238.538843899994,9.53951547414861e-4
TTO,EU,91.69675966,437.86068050999995,0.20941994506836248
TUN,EU,123.82248229999999,591.67481329,0.20927455338429352
TUR,EU,1195.4871619899998,7038.1710859899995,0.1698576444624521
TWN,EU,789.7323625399999,161161.32104215,0.0049002599223758785
UKR,EU,72.28728518,572.9719195199999,0.1261620032628436
URY,EU,6.614962309999999,2781.6473180099997,0.002378073692941191
USA,EU,32571.029424559998,854189.9298692099,0.038130898393460504
VNM,EU,3.6795107799999993,4257.775992139999,8.641860884162301e-4
ZAF,EU,274.58762562,3672.2697056099996,0.07477327310696215
EU,AND,0.4155708699999999,876009.58862956,4.7439077767416227e-7
EU,ARE,936.4244704099999,876009.58862956,0.0010689660051266718
EU,AUS,212.49119638999997,876009.58862956,2.4256720377047902e-4
EU,AZE,24.2287738,876009.58862956,2.76581148362814e-5
EU,BFA,0.016534649999999998,876009.58862956,1.887496462894545e-8
EU,BGD,225.64836855,876009.58862956,2.5758664229121855e-4
EU,BHR,411.21454087999996,876009.58862956,4.6941785365992283e-4
EU,BIH,633.70809821,876009.58862956,7.234031526999387e-4
EU,BLR,549.3152446099999,876009.58862956,6.27065333233801e-4
EU,BRA,174.83738909999997,876009.58862956,1.9958387598646916e-4
EU,CAN,5910.256629309999,876009.58862956,0.006746794448398763
EU,CHE,19040.049613529998,876009.58862956,0.021734978544374707
EU,CHL,106.49747602999999,876009.58862956,1.2157113051308712e-4
EU,CHN,167452.40924180998,876009.58862956,0.19115362595947671
EU,CIV,8.69502128,876009.58862956,9.925714732874782e-6
EU,CMR,270.98527654,876009.58862956,3.093405369728117e-4
EU,COL,19.858114649999997,876009.58862956,2.2668832519363486e-5
EU,CRI,7.889232669999998,876009.58862956,9.005874789957504e-6
EU,CUB,0.17857421999999998,876009.58862956,2.0384961799261086e-7
EU,DOM,37.34405818,876009.58862956,4.262973677996093e-5
EU,DZA,995.1544448999999,876009.58862956,0.001136008621157711
EU,ECU,5.79925291,876009.58862956,6.620079260858801e-6
EU,EGY,152.81103068,876009.58862956,1.7443990643876332e-4
EU,ETH,20.210853849999996,876009.58862956,2.3071498431447652e-5
EU,GBR,22247.00009653,876009.58862956,0.02539584085070744
EU,GIN,20.963731579999997,876009.58862956,2.3930938487552302e-5
EU,GRL,0.049603949999999994,876009.58862956,5.662489388683635e-8
EU,HKG,446199.50684815,876009.58862956,0.5093545922781393
EU,HND,0.09369635,876009.58862956,1.0695813289735756e-7
EU,IDN,1148.75693416,876009.58862956,0.001311352009236713
EU,IND,42827.05614638,876009.58862956,0.04888879836735482
EU,IRN,71.870612,876009.58862956,8.204317958714955e-5
EU,ISL,21.619606029999996,876009.58862956,2.4679645417833804e-5
EU,ISR,392.12253167999995,876009.58862956,4.476235611683671e-4
EU,JAM,0.00440924,876009.58862956,5.03332390105212e-9
EU,JOR,87.76592219999999,876009.58862956,1.0018831225044245e-4
EU,JPN,340.90590215,876009.58862956,3.89157729064721e-4
EU,KAZ,8.81848,876009.58862956,1.0066647802104239e-5
EU,KOR,882.75409882,876009.58862956,0.0010076991282720904
EU,LBN,22.0462,876009.58862956,2.51666195052606e-5
EU,LKA,713.7809989199999,876009.58862956,8.148095730740203e-4
EU,MAR,2140.44240949,876009.58862956,0.0024434006628152715
EU,MDA,16.54898003,876009.58862956,1.889132293162387e-5
EU,MDG,3.2540191199999997,876009.58862956,3.7145930389764646e-6
EU,MEX,139.05530419,876009.58862956,1.5873719419845598e-4
EU,MKD,366.1102202999999,876009.58862956,4.179294668141101e-4
EU,MOZ,1.3227719999999998,876009.58862956,1.5099971703156359e-6
EU,MRT,466.3818494499999,876009.58862956,5.323935439789116e-4
EU,MUS,47.65065668,876009.58862956,5.439513139867026e-5
EU,MYS,4356.42612328,876009.58862956,0.004973034747365318
EU,NAM,0.00220462,876009.58862956,2.51666195052606e-9
EU,NER,41.88778,876009.58862956,4.781657705999514e-5
EU,NGA,1149.7677524299997,876009.58862956,0.0013125058987410291
EU,NOR,1293.7834516199998,876009.58862956,0.0014769055823281687
EU,NZL,8.01048677,876009.58862956,9.14429119723644e-6
EU,OMN,162.23026963,876009.58862956,1.8519234462238595e-4
EU,PAK,2675.8332741799995,876009.58862956,0.003054570759169549
EU,PHL,580.3011787099999,876009.58862956,6.624370169484448e-4
EU,PYF,0.1763696,876009.58862956,2.013329560420848e-7
EU,RUS,953.1884008899999,876009.58862956,0.001088102702598472
EU,SAU,4688.641413389999,876009.58862956,0.005352271795021064
EU,SEN,88.0194535,876009.58862956,1.0047772837475295e-4
EU,SGP,2066.29773196,876009.58862956,0.002358761546426154
EU,SMR,81.68117099999999,876009.58862956,9.324232526699052e-5
EU,SYR,184.98745957999998,876009.58862956,2.1117058760669117e-4
EU,TGO,113.20172544999998,876009.58862956,1.2922429950463685e-4
EU,THA,84.57914398999999,876009.58862956,9.655047740095703e-5
EU,TUN,66.54755700999999,876009.58862956,7.596669930760437e-5
EU,TUR,196.55950995999996,876009.58862956,2.2438054618500243e-4
EU,TUV,3.42487717,876009.58862956,3.909634340142234e-6
EU,TWN,3539.4545783299995,876009.58862956,0.004040429036703999
EU,TZA,29.013901509999997,876009.58862956,3.312052959989821e-5
EU,UGA,0.05621780999999999,876009.58862956,6.417487973841453e-8
EU,UKR,285.04413827999997,876009.58862956,3.253892902313164e-4
EU,URY,15.432339999999998,876009.58862956,1.761663365368242e-5
EU,USA,136787.11286998997,876009.58862956,0.1561479630422555
EU,VNM,338.0531238699999,876009.58862956,3.859011685007402e-4
EU,WSM,0.0551155,876009.58862956,6.291654876315151e-8
EU,YEM,390.6696871,876009.58862956,4.4596508094297047e-4
EU,ZAF,466.828285,876009.58862956,5.329031680238932e-4
